Accident ID,Date,Time,Road Condition,Weather,Light Condition,Severity,Latitude,Longitude,Contributing Factors
292,2022-10-19,19:00,Dry,Clear,Night,Minor,41.2169779059631,-113.28142341997474,Weather
293,2022-10-20,02:00,Wet,Clear,Daylight,Moderate,41.33964977512811,-105.23411611905632,Speeding
294,2022-10-21,15:00,Dry,Clear,Daylight,Minor,41.44530003173705,-95.21287479723628,Speeding
295,2022-10-22,02:00,Icy,Clear,Daylight,Severe,36.16356948377141,-107.34052500103437,Road Defects
296,2022-10-23,17:00,Icy,Rainy,Daylight,Moderate,37.20284475415967,-102.92209377913832,Speeding
297,2022-10-24,13:00,Dry,Clear,Daylight,Severe,40.963167265805616,-93.02946318961713,Speeding
298,2022-10-25,17:00,Wet,Clear,Daylight,Minor,36.87329459424335,-92.4137047360544,Speeding
299,2022-10-26,01:00,Dry,Clear,Daylight,Minor,38.80202426346804,-111.9583000996047,Speeding
301,2022-10-28,02:00,Dry,Foggy,Daylight,Minor,34.45019990488993,-109.44850513279758,Distracted Driving
302,2022-10-29,15:00,Dry,Snowy,Daylight,Moderate,37.29595191593738,-98.51753518487816,Speeding
303,2022-10-30,08:00,Dry,Rainy,Night,Severe,38.63133226074174,-91.36885837266453,Speeding
306,2022-11-02,03:00,Wet,Clear,Night,Minor,38.12067500937428,-93.24387803639979,Other
307,2022-11-03,00:00,Dry,Clear,Daylight,Minor,39.48565783428861,-97.05193246511205,Other
308,2022-11-04,13:00,Wet,Rainy,Daylight,Fatal,39.19625944852312,-90.21703978364388,Other
309,2022-11-05,20:00,Dry,Foggy,Daylight,Fatal,37.39396562565264,-106.8897993189617,Weather
310,2022-11-06,15:00,Dry,Clear,Daylight,Moderate,37.39996192335891,-106.35057465617047,Distracted Driving
311,2022-11-07,19:00,Wet,Foggy,Night,Severe,35.126226720097854,-113.17526855567141,Speeding
313,2022-11-09,07:00,Dry,Clear,Night,Minor,38.69743302508557,-101.79589570347333,Speeding
314,2022-11-10,06:00,Dry,Clear,Night,Minor,37.81191517883061,-107.80001996374469,Road Defects
316,2022-11-12,16:00,Snowy,Clear,Daylight,Minor,39.77318835401389,-93.16436205334705,Distracted Driving
317,2022-11-13,00:00,Dry,Clear,Daylight,Moderate,34.59729315716179,-112.44601888901867,Speeding
318,2022-11-14,15:00,Icy,Clear,Daylight,Moderate,41.315522958032375,-97.03963828390108,Distracted Driving
319,2022-11-15,11:00,Dry,Clear,Daylight,Moderate,34.165147516366346,-110.09759930869289,Speeding
320,2022-11-16,18:00,Dry,Rainy,Night,Minor,41.698801067506224,-95.23866473892163,Speeding
322,2022-11-18,22:00,Wet,Foggy,Daylight,Minor,37.30135955202833,-96.82999491379067,Speeding
324,2022-11-20,13:00,Icy,Clear,Night,Moderate,34.080569078658264,-105.48635794000559,Distracted Driving
325,2022-11-21,05:00,Wet,Rainy,Daylight,Moderate,36.198322115374395,-97.44787818321107,Road Defects
326,2022-11-22,05:00,Dry,Clear,Night,Moderate,34.87519940368267,-113.14988532676678,Distracted Driving
327,2022-11-23,12:00,Snowy,Clear,Daylight,Minor,39.27856674154716,-110.00138031229176,Speeding
328,2022-11-24,18:00,Wet,Clear,Daylight,Severe,36.552599778565806,-93.78652422141846,Other
329,2022-11-25,21:00,Wet,Clear,Night,Moderate,40.13743462722929,-93.21665901458591,Distracted Driving
331,2022-11-27,01:00,Dry,Clear,Night,Minor,41.201878859456876,-113.29346361011669,Distracted Driving
333,2022-11-29,00:00,Dry,Clear,Daylight,Severe,34.91604957175185,-112.96859334976352,Speeding
334,2022-11-30,14:00,Dry,Clear,Daylight,Minor,37.206761885227834,-90.83474371942437,Speeding
335,2022-12-01,00:00,Wet,Clear,Night,Moderate,35.654084192558095,-102.55365303386722,Weather
336,2022-12-02,04:00,Dry,Clear,Night,Minor,35.597483409345436,-104.89285306726205,Speeding
337,2022-12-03,15:00,Dry,Clear,Daylight,Minor,38.05095790121767,-90.43491355340674,Road Defects
338,2022-12-04,18:00,Icy,Clear,Night,Moderate,39.37513612509098,-102.40522836389941,Distracted Driving
339,2022-12-05,03:00,Icy,Clear,Daylight,Moderate,41.29294564402743,-99.48869803432531,Distracted Driving
340,2022-12-06,02:00,Dry,Clear,Daylight,Moderate,38.017296086109226,-108.68242471062295,Weather
341,2022-12-07,16:00,Icy,Clear,Night,Minor,41.72671020046664,-107.30078379373347,Speeding
342,2022-12-08,16:00,Dry,Clear,Daylight,Minor,41.53307881658695,-101.35653725334595,Road Defects
344,2022-12-10,13:00,Wet,Clear,Daylight,Minor,37.99981811969935,-110.83527919074629,Distracted Driving
345,2022-12-11,20:00,Dry,Clear,Daylight,Minor,35.12723154950387,-112.4892710151114,Other
347,2022-12-13,02:00,Dry,Clear,Daylight,Minor,39.1813600216958,-102.96676442542818,Road Defects
348,2022-12-14,08:00,Dry,Clear,Daylight,Minor,37.37403984227357,-102.29052049333139,Speeding
349,2022-12-15,04:00,Dry,Clear,Daylight,Moderate,35.17441305403197,-107.24970175495675,Speeding
350,2022-12-16,23:00,Dry,Rainy,Daylight,Minor,37.831951469114486,-110.47563085498585,Speeding
351,2022-12-17,16:00,Wet,Clear,Daylight,Minor,34.13944436401637,-99.7423234721505,Speeding
353,2022-12-19,20:00,Dry,Clear,Night,Minor,34.58865035591753,-103.47877911421065,Other
354,2022-12-20,02:00,Dry,Rainy,Daylight,Moderate,39.032908959296954,-96.49392839730264,Road Defects
355,2022-12-21,00:00,Dry,Clear,Daylight,Minor,40.344082461004795,-113.39965644933078,Speeding
356,2022-12-22,19:00,Dry,Snowy,Daylight,Minor,35.06115099563172,-96.90873291931707,Speeding
357,2022-12-23,20:00,Wet,Clear,Daylight,Minor,38.1491095253281,-96.69775374370485,Road Defects
360,2022-12-26,02:00,Wet,Clear,Daylight,Severe,35.303332744012955,-90.72980863233055,Distracted Driving
361,2022-12-27,17:00,Wet,Clear,Night,Minor,36.694552887739654,-112.5852855340329,Distracted Driving
362,2022-12-28,09:00,Wet,Clear,Night,Minor,38.43759341266653,-94.98010214519712,Speeding
363,2022-12-29,21:00,Dry,Clear,Daylight,Moderate,38.602236758838,-102.26818171473164,Weather
364,2022-12-30,02:00,Dry,Rainy,Daylight,Minor,35.047010667661496,-110.59477958896409,Distracted Driving
366,2023-01-01,13:00,Dry,Clear,Daylight,Minor,36.1462575643159,-104.09303633982363,Other
367,2023-01-02,23:00,Wet,Clear,Daylight,Fatal,40.7361937445196,-106.5940652743754,Distracted Driving
368,2023-01-03,17:00,Wet,Foggy,Daylight,Minor,36.50860105651225,-98.4311896167221,Speeding
369,2023-01-04,14:00,Wet,Clear,Daylight,Minor,40.70963619627088,-92.68328061266365,Speeding
370,2023-01-05,21:00,Wet,Clear,Daylight,Severe,37.42851690081434,-95.45305356502372,Speeding
371,2023-01-06,22:00,Dry,Clear,Daylight,Moderate,39.812686126611624,-110.31534259426527,Distracted Driving
372,2023-01-07,01:00,Wet,Foggy,Daylight,Moderate,38.08048182835315,-93.38986988333544,Speeding
373,2023-01-08,09:00,Dry,Clear,Daylight,Moderate,38.97570099304781,-94.66504320507109,Distracted Driving
374,2023-01-09,01:00,Dry,Clear,Daylight,Moderate,37.162852086891064,-91.98418545579048,Speeding
375,2023-01-10,16:00,Dry,Clear,Daylight,Minor,40.145654142459925,-105.15749701093634,Distracted Driving
376,2023-01-11,07:00,Dry,Clear,Daylight,Moderate,37.40151506858927,-96.47989517253684,Weather
377,2023-01-12,00:00,Dry,Clear,Daylight,Minor,37.65969317268657,-101.43357416533723,Distracted Driving
378,2023-01-13,08:00,Snowy,Foggy,Daylight,Severe,38.141429345847655,-109.30592292861446,Distracted Driving
379,2023-01-14,10:00,Dry,Rainy,Daylight,Fatal,40.65459294708787,-90.15593192880263,Other
381,2023-01-16,15:00,Dry,Rainy,Daylight,Minor,36.793283092525996,-113.45636796834592,Speeding
382,2023-01-17,06:00,Wet,Clear,Daylight,Minor,39.36255707185234,-93.00881384910694,Distracted Driving
384,2023-01-19,22:00,Wet,Rainy,Daylight,Severe,41.44815420703763,-93.1690213143814,Speeding
385,2023-01-20,02:00,Dry,Clear,Daylight,Minor,40.7313314882028,-97.97379867037037,Speeding
387,2023-01-22,23:00,Dry,Clear,Daylight,Severe,36.732056885472346,-105.97903880008306,Distracted Driving
388,2023-01-23,12:00,Wet,Clear,Daylight,Severe,40.236611590890156,-96.87479869993736,Weather
389,2023-01-24,06:00,Wet,Clear,Night,Moderate,38.601666344502405,-101.67319203033762,Speeding
390,2023-01-25,03:00,Dry,Clear,Night,Moderate,41.88215990480721,-91.79560382499517,Speeding
391,2023-01-26,12:00,Dry,Rainy,Daylight,Moderate,35.98004902855843,-93.705967078464,Other
392,2023-01-27,19:00,Dry,Foggy,Daylight,Fatal,34.63724672744709,-108.68586621064391,Speeding
394,2023-01-29,07:00,Dry,Rainy,Daylight,Moderate,39.12024310681344,-91.56080288992176,Distracted Driving
395,2023-01-30,13:00,Wet,Rainy,Daylight,Minor,41.51408183129219,-103.51597050249805,Road Defects
397,2023-02-01,13:00,Dry,Clear,Daylight,Moderate,39.80616837566222,-95.13588282594017,Other
398,2023-02-02,11:00,Dry,Clear,Night,Severe,39.25652146026356,-93.68181882080904,Speeding
399,2023-02-03,18:00,Dry,Clear,Night,Severe,39.85843353775573,-100.09611007505602,Speeding
400,2023-02-04,22:00,Icy,Foggy,Daylight,Fatal,36.84324325409868,-105.46974896078248,Speeding
401,2023-02-05,14:00,Dry,Clear,Daylight,Moderate,40.56397155726284,-99.45915565493996,Road Defects
402,2023-02-06,01:00,Wet,Rainy,Daylight,Moderate,34.357655451350894,-98.21285652025654,Distracted Driving
403,2023-02-07,01:00,Wet,Clear,Night,Severe,40.04344880497622,-92.99516117359289,Speeding
404,2023-02-08,22:00,Wet,Clear,Daylight,Moderate,36.136575530792705,-91.23587294950734,Weather
405,2023-02-09,21:00,Icy,Clear,Daylight,Minor,37.81470219886457,-103.59901389305448,Speeding
406,2023-02-10,18:00,Dry,Clear,Daylight,Minor,40.58109017245776,-95.64215306125625,Distracted Driving
407,2023-02-11,21:00,Snowy,Clear,Daylight,Severe,36.1708722815291,-90.99373243223366,Road Defects
408,2023-02-12,21:00,Dry,Clear,Daylight,Minor,35.48166009315115,-113.76518653188495,Speeding
410,2023-02-14,19:00,Wet,Clear,Daylight,Minor,38.26715913205444,-93.66901436024777,Speeding
411,2023-02-15,09:00,Icy,Clear,Daylight,Moderate,38.11523094996947,-112.5323466690795,Speeding
413,2023-02-17,14:00,Dry,Clear,Daylight,Moderate,34.27904244656022,-113.51730814559156,Distracted Driving
414,2023-02-18,21:00,Dry,Clear,Night,Minor,37.28215310665374,-107.24478248517445,Speeding
415,2023-02-19,10:00,Icy,Clear,Night,Severe,34.85247584374214,-111.86056035540776,Other
416,2023-02-20,04:00,Dry,Clear,Night,Moderate,41.24791320519362,-109.4528983851876,Speeding
417,2023-02-21,00:00,Wet,Foggy,Night,Minor,34.33000258777385,-90.6917665599587,Speeding
418,2023-02-22,07:00,Wet,Clear,Daylight,Moderate,37.45320683347505,-98.2766447634479,Speeding
419,2023-02-23,20:00,Dry,Clear,Daylight,Minor,34.417964669606626,-98.05863160891029,Weather
421,2023-02-25,11:00,Dry,Clear,Night,Minor,39.27093333537618,-97.50124564496463,Road Defects
422,2023-02-26,04:00,Dry,Clear,Daylight,Severe,39.176890087792756,-97.29835867725146,Weather
423,2023-02-27,06:00,Icy,Clear,Daylight,Moderate,34.26441755903552,-99.5271394846143,Other
424,2023-02-28,03:00,Dry,Clear,Night,Moderate,34.00905180096696,-111.6037837120595,Weather
425,2023-03-01,05:00,Icy,Clear,Daylight,Minor,34.63054461794227,-106.15498698569883,Speeding
426,2023-03-02,12:00,Dry,Clear,Daylight,Minor,40.103991181695534,-94.3042592692505,Road Defects
427,2023-03-03,19:00,Snowy,Rainy,Daylight,Fatal,38.67661178201206,-99.23435437846246,Other
428,2023-03-04,14:00,Dry,Rainy,Daylight,Moderate,34.30494596150793,-97.48247262000274,Other
429,2023-03-05,02:00,Dry,Clear,Daylight,Severe,37.90477612698262,-101.55351679647735,Speeding
430,2023-03-06,22:00,Dry,Clear,Night,Minor,39.69623485643561,-105.4115752248702,Distracted Driving
431,2023-03-07,07:00,Wet,Rainy,Daylight,Minor,40.95161115680645,-96.74654371812098,Speeding
433,2023-03-09,15:00,Wet,Rainy,Daylight,Moderate,36.61952450363253,-99.1514994821526,Weather
434,2023-03-10,12:00,Dry,Rainy,Daylight,Minor,35.086659427306124,-90.07827378018098,Other
435,2023-03-11,17:00,Dry,Rainy,Night,Minor,35.89540736585158,-96.15462597489511,Distracted Driving
436,2023-03-12,09:00,Dry,Clear,Daylight,Severe,40.20937193632179,-109.86422167583125,Road Defects
437,2023-03-13,18:00,Dry,Clear,Daylight,Minor,41.77187372033848,-110.22105414824935,Speeding
438,2023-03-14,16:00,Dry,Clear,Night,Moderate,37.731148938883045,-99.31787890338315,Speeding
439,2023-03-15,23:00,Snowy,Rainy,Daylight,Minor,36.442825708382315,-92.91608080376115,Distracted Driving
440,2023-03-16,18:00,Snowy,Clear,Daylight,Minor,37.43352465568027,-101.8174072562604,Speeding
441,2023-03-17,22:00,Icy,Rainy,Daylight,Fatal,36.43850515716106,-103.23273595923837,Road Defects
442,2023-03-18,04:00,Wet,Clear,Daylight,Minor,36.05190018565723,-113.5092442523772,Speeding
443,2023-03-19,20:00,Dry,Clear,Daylight,Moderate,38.750006019257434,-97.96720524992514,Distracted Driving
444,2023-03-20,22:00,Dry,Clear,Daylight,Severe,34.125887842988355,-98.33563865013906,Distracted Driving
445,2023-03-21,08:00,Dry,Clear,Night,Minor,36.07641798931991,-90.92536101465227,Speeding
446,2023-03-22,11:00,Wet,Clear,Night,Minor,39.29105662275991,-109.5946188394414,Other
447,2023-03-23,20:00,Dry,Clear,Daylight,Moderate,34.25650157045444,-96.8195266617091,Distracted Driving
448,2023-03-24,00:00,Dry,Snowy,Daylight,Minor,34.66561453207148,-105.84617268646639,Distracted Driving
449,2023-03-25,00:00,Dry,Clear,Daylight,Minor,36.34716915828628,-102.36276183474823,Road Defects
450,2023-03-26,14:00,Dry,Clear,Daylight,Minor,41.022438388871876,-95.13929204318437,Speeding
451,2023-03-27,01:00,Icy,Clear,Daylight,Moderate,40.11908928132237,-111.78413873946869,Road Defects
452,2023-03-28,21:00,Wet,Rainy,Night,Moderate,34.17725303532995,-108.39967529323238,Speeding
453,2023-03-29,15:00,Dry,Rainy,Night,Moderate,38.01370253350794,-96.34735723446728,Speeding
454,2023-03-30,07:00,Snowy,Clear,Daylight,Minor,36.19749995189933,-102.0271783719399,Other
456,2023-04-01,20:00,Dry,Rainy,Daylight,Fatal,39.77243106074769,-105.95479573020164,Speeding
457,2023-04-02,00:00,Dry,Clear,Daylight,Moderate,40.90290061703426,-101.57426723675555,Distracted Driving
458,2023-04-03,15:00,Dry,Clear,Daylight,Moderate,37.80332989683211,-92.53351513953852,Other
459,2023-04-04,06:00,Dry,Clear,Night,Moderate,41.95560070836468,-112.72233460171812,Speeding
460,2023-04-05,04:00,Snowy,Clear,Daylight,Severe,41.839888858296874,-95.43331688543049,Speeding
462,2023-04-07,22:00,Icy,Clear,Daylight,Minor,38.598955961264565,-111.21740151787739,Speeding
463,2023-04-08,02:00,Dry,Foggy,Daylight,Minor,37.18405150003052,-111.18637126227655,Speeding
464,2023-04-09,11:00,Dry,Clear,Daylight,Minor,36.91509048111828,-93.43058251455268,Road Defects
465,2023-04-10,15:00,Dry,Clear,Daylight,Minor,34.09699800070196,-112.42750462358036,Speeding
466,2023-04-11,18:00,Dry,Clear,Daylight,Minor,35.99339597793893,-95.96509964440855,Road Defects
467,2023-04-12,04:00,Dry,Clear,Daylight,Severe,39.750465879593314,-105.06941704745064,Distracted Driving
468,2023-04-13,21:00,Icy,Rainy,Night,Minor,38.82905679914453,-90.0254585016753,Distracted Driving
469,2023-04-14,13:00,Dry,Rainy,Daylight,Moderate,41.33137751334027,-94.50543803774104,Distracted Driving
470,2023-04-15,04:00,Wet,Clear,Daylight,Moderate,34.40017813533246,-97.28831223546109,Distracted Driving
471,2023-04-16,14:00,Dry,Clear,Night,Minor,35.24221282541865,-93.61966341373852,Speeding
472,2023-04-17,16:00,Dry,Clear,Night,Severe,40.31395031481704,-100.24714900705906,Speeding
473,2023-04-18,13:00,Dry,Clear,Night,Severe,36.86806104956267,-94.37773681720206,Weather
474,2023-04-19,19:00,Dry,Clear,Daylight,Minor,34.94676266974302,-110.68844827387923,Speeding
476,2023-04-21,11:00,Dry,Clear,Daylight,Minor,40.2980024213549,-100.75390380157327,Other
477,2023-04-22,15:00,Dry,Foggy,Daylight,Moderate,37.26992829406498,-105.82866900541958,Other
478,2023-04-23,15:00,Dry,Clear,Daylight,Minor,40.58677981556912,-106.05965773181191,Speeding
479,2023-04-24,20:00,Dry,Clear,Daylight,Moderate,39.444830960953226,-103.25106013195871,Speeding
480,2023-04-25,06:00,Dry,Clear,Daylight,Severe,40.31979807655867,-107.88128687616481,Weather
481,2023-04-26,03:00,Icy,Clear,Daylight,Minor,40.5216510205252,-100.47033311960078,Road Defects
483,2023-04-28,04:00,Dry,Foggy,Daylight,Minor,38.98378310150476,-90.84304242731062,Speeding
484,2023-04-29,22:00,Dry,Rainy,Daylight,Severe,34.05428442381462,-92.10814822272403,Road Defects
485,2023-04-30,09:00,Snowy,Clear,Night,Minor,34.347649970409364,-91.81243544770587,Other
486,2023-05-01,21:00,Wet,Clear,Night,Moderate,41.23184007244673,-107.77990212365589,Weather
487,2023-05-02,04:00,Dry,Clear,Daylight,Minor,38.22050977085444,-103.10705318554521,Speeding
488,2023-05-03,03:00,Icy,Rainy,Night,Severe,39.8872158869482,-91.2843431143879,Distracted Driving
489,2023-05-04,01:00,Dry,Clear,Daylight,Moderate,40.70800792354517,-92.73431042002758,Distracted Driving
490,2023-05-05,19:00,Dry,Clear,Daylight,Minor,41.59669414051668,-95.87315467476787,Speeding
491,2023-05-06,09:00,Wet,Clear,Daylight,Moderate,40.95482278338237,-106.59471548426741,Speeding
492,2023-05-07,18:00,Dry,Clear,Daylight,Minor,37.86649158957835,-102.19850175089914,Speeding
493,2023-05-08,00:00,Snowy,Clear,Night,Moderate,36.687762459044094,-95.79845072193386,Distracted Driving
494,2023-05-09,23:00,Wet,Foggy,Daylight,Severe,35.235945889648306,-110.35566412487911,Distracted Driving
495,2023-05-10,04:00,Dry,Clear,Daylight,Minor,37.20257185989824,-100.45941768961288,Road Defects
496,2023-05-11,12:00,Dry,Clear,Daylight,Minor,36.93194863328931,-94.817838904148,Weather
497,2023-05-12,03:00,Dry,Clear,Daylight,Minor,38.47659873564699,-98.19126583147876,Other
498,2023-05-13,15:00,Dry,Rainy,Night,Moderate,39.324075270057705,-104.57454232665198,Road Defects
499,2023-05-14,23:00,Wet,Snowy,Night,Minor,41.82660381156038,-101.63096593245557,Speeding
500,2023-05-15,15:00,Dry,Clear,Daylight,Minor,39.82708948880586,-90.31708479191776,Speeding
501,2023-05-16,22:00,Dry,Rainy,Night,Minor,39.149988259543385,-101.14434174987812,Distracted Driving
502,2023-05-17,01:00,Wet,Clear,Daylight,Minor,36.68073947414674,-96.00270288747797,Speeding
503,2023-05-18,16:00,Dry,Clear,Night,Fatal,34.27603101198661,-97.65506659742545,Other
504,2023-05-19,19:00,Wet,Clear,Daylight,Minor,36.30500103083753,-98.35826276517783,Speeding
505,2023-05-20,23:00,Dry,Clear,Daylight,Moderate,40.147583203676945,-97.94166645680679,Speeding
506,2023-05-21,11:00,Snowy,Clear,Daylight,Moderate,35.642175526430414,-105.27652696411901,Distracted Driving
507,2023-05-22,17:00,Dry,Clear,Daylight,Moderate,39.697505549392915,-104.7235151134925,Distracted Driving
508,2023-05-23,02:00,Dry,Clear,Daylight,Minor,38.63823874055532,-104.89984335389809,Distracted Driving
510,2023-05-25,00:00,Dry,Clear,Daylight,Severe,36.09299845033464,-111.25017075069495,Speeding
511,2023-05-26,18:00,Wet,Clear,Night,Minor,37.97042882789181,-113.67220781380328,Speeding
512,2023-05-27,10:00,Wet,Clear,Daylight,Minor,37.34699764086278,-93.1795396808768,Other
513,2023-05-28,04:00,Wet,Rainy,Daylight,Minor,40.22851078037408,-110.30085773931742,Speeding
516,2023-05-31,00:00,Dry,Snowy,Daylight,Moderate,40.5781976917834,-98.40028463253955,Speeding
518,2023-06-02,07:00,Icy,Clear,Night,Moderate,41.715114053258084,-104.80347675081777,Distracted Driving
520,2023-06-04,10:00,Dry,Clear,Daylight,Minor,39.71305594881722,-94.20942542619466,Weather
521,2023-06-05,11:00,Dry,Clear,Daylight,Moderate,36.959553056435745,-91.16339001933116,Speeding
522,2023-06-06,12:00,Wet,Clear,Daylight,Minor,36.231729555361554,-91.15487074598269,Distracted Driving
523,2023-06-07,11:00,Wet,Clear,Night,Severe,35.4430998077417,-105.62500494949046,Speeding
524,2023-06-08,13:00,Icy,Clear,Night,Minor,38.42002781009235,-99.9535849158257,Speeding
525,2023-06-09,01:00,Dry,Clear,Daylight,Moderate,35.72375546199369,-101.20828417769916,Distracted Driving
526,2023-06-10,18:00,Dry,Clear,Daylight,Severe,35.60280681158725,-108.19891076119332,Speeding
527,2023-06-11,17:00,Icy,Clear,Night,Minor,41.92425524067055,-105.56619424022513,Distracted Driving
529,2023-06-13,22:00,Dry,Clear,Daylight,Moderate,39.986214562035,-95.72042708519837,Road Defects
530,2023-06-14,16:00,Wet,Clear,Daylight,Minor,40.35248500706204,-111.25750165967067,Weather
531,2023-06-15,07:00,Wet,Rainy,Daylight,Severe,41.75138298974994,-105.10523472818147,Speeding
532,2023-06-16,09:00,Wet,Clear,Night,Fatal,38.58621351002563,-104.54261945873397,Speeding
533,2023-06-17,01:00,Wet,Clear,Daylight,Minor,35.761951019222884,-102.30007130376309,Speeding
534,2023-06-18,18:00,Dry,Foggy,Daylight,Minor,40.89767712602591,-95.09945413913348,Speeding
535,2023-06-19,08:00,Dry,Clear,Night,Minor,39.94184583563272,-98.627330706855,Speeding
536,2023-06-20,06:00,Dry,Clear,Daylight,Minor,37.31446649867338,-99.43423462438263,Speeding
537,2023-06-21,03:00,Wet,Rainy,Night,Moderate,37.78855598859717,-103.25112611746168,Distracted Driving
539,2023-06-23,17:00,Wet,Clear,Daylight,Minor,41.43953728183203,-106.74376279377589,Weather
540,2023-06-24,12:00,Dry,Clear,Night,Minor,36.748252891986354,-91.19512816386454,Distracted Driving
541,2023-06-25,10:00,Wet,Clear,Daylight,Minor,41.70787422924938,-90.12465389192893,Distracted Driving
542,2023-06-26,23:00,Wet,Clear,Daylight,Minor,41.282174170031595,-97.54605190917428,Distracted Driving
543,2023-06-27,03:00,Wet,Foggy,Daylight,Severe,39.044169137985385,-111.62958103390994,Distracted Driving
545,2023-06-29,03:00,Wet,Rainy,Daylight,Severe,36.96071424055977,-106.38659794670642,Weather
546,2023-06-30,09:00,Dry,Clear,Night,Moderate,34.146707112085195,-94.0159867339386,Distracted Driving
547,2023-07-01,04:00,Dry,Rainy,Night,Moderate,35.020985489902024,-97.78780128294,Speeding
548,2023-07-02,08:00,Dry,Rainy,Night,Minor,40.03385058679639,-93.25101734884906,Speeding
549,2023-07-03,23:00,Dry,Clear,Daylight,Moderate,37.77232101270532,-100.75826318846573,Speeding
553,2023-07-07,15:00,Dry,Rainy,Daylight,Minor,36.93706268248212,-102.12176082394113,Speeding
554,2023-07-08,03:00,Wet,Rainy,Daylight,Moderate,41.26145556175323,-111.1991853745059,Other
555,2023-07-09,17:00,Dry,Clear,Night,Minor,36.43708665834861,-97.43725804206139,Speeding
556,2023-07-10,16:00,Dry,Clear,Daylight,Minor,38.34576075493729,-98.7850017959898,Speeding
557,2023-07-11,06:00,Dry,Clear,Daylight,Fatal,34.16381666689758,-109.09289921256712,Speeding
558,2023-07-12,23:00,Dry,Clear,Night,Minor,38.17500088298861,-113.0495533390062,Weather
560,2023-07-14,04:00,Dry,Rainy,Daylight,Minor,35.87444079469742,-97.35517233323328,Distracted Driving
561,2023-07-15,11:00,Dry,Snowy,Daylight,Moderate,38.631497409642854,-105.38765212807387,Other
562,2023-07-16,16:00,Icy,Clear,Night,Minor,39.17734217640788,-108.94116240301211,Weather
563,2023-07-17,22:00,Dry,Clear,Daylight,Moderate,39.49508862705405,-94.01371555742327,Speeding
564,2023-07-18,12:00,Wet,Clear,Daylight,Minor,40.21122657617683,-101.37882993605724,Weather
565,2023-07-19,22:00,Dry,Clear,Daylight,Minor,36.49071394343533,-103.49593458089564,Speeding
566,2023-07-20,02:00,Dry,Clear,Daylight,Moderate,38.542215651455024,-97.18538338068277,Distracted Driving
567,2023-07-21,08:00,Wet,Clear,Daylight,Minor,41.852632238116755,-95.16367207341193,Speeding
568,2023-07-22,16:00,Dry,Rainy,Daylight,Fatal,41.185153365321256,-98.78995164816385,Distracted Driving
569,2023-07-23,16:00,Dry,Clear,Daylight,Minor,41.62132342478693,-105.67982307921812,Speeding
570,2023-07-24,19:00,Dry,Clear,Daylight,Minor,37.08909118822857,-107.37963380517876,Road Defects
571,2023-07-25,15:00,Wet,Foggy,Night,Minor,40.295424847173294,-96.39338172836435,Speeding
572,2023-07-26,21:00,Dry,Rainy,Night,Minor,38.95918361408278,-103.49859950207198,Distracted Driving
573,2023-07-27,12:00,Dry,Clear,Night,Fatal,34.66188066449793,-98.27718980151346,Speeding
574,2023-07-28,18:00,Wet,Clear,Daylight,Severe,40.59184311325652,-93.06883390574455,Other
575,2023-07-29,16:00,Dry,Clear,Daylight,Minor,39.41681021085892,-92.35506222737231,Weather
576,2023-07-30,03:00,Wet,Rainy,Daylight,Moderate,35.59133887612214,-110.22396210126396,Speeding
577,2023-07-31,11:00,Wet,Rainy,Night,Moderate,34.63790845943569,-112.7390813923696,Other
578,2023-08-01,08:00,Snowy,Clear,Daylight,Minor,40.696177045186644,-110.68395391056853,Speeding