Accident ID,Date,Time,Road Condition,Weather,Light Condition,Severity,Latitude,Longitude,Contributing Factors
579,2023-08-02,18:00,Dry,Clear,Daylight,Minor,34.63121463592961,-96.96159042500592,Distracted Driving
580,2023-08-03,11:00,Wet,Rainy,Night,Severe,34.730830922931496,-107.63837499070752,Weather
581,2023-08-04,08:00,Dry,Clear,Daylight,Fatal,37.41926630323452,-113.14510013644276,Speeding
583,2023-08-06,13:00,Dry,Clear,Night,Moderate,41.30935677954176,-108.83523071276875,Speeding
585,2023-08-08,18:00,Dry,Clear,Daylight,Minor,38.55320784523657,-113.6215388490674,Road Defects
586,2023-08-09,14:00,Dry,Rainy,Night,Minor,41.4248487158247,-98.85124874350444,Weather
589,2023-08-12,04:00,Wet,Clear,Daylight,Moderate,40.377240846526654,-94.3577662460333,Weather
590,2023-08-13,02:00,Wet,Clear,Daylight,Severe,37.54280157980168,-94.34240561948891,Speeding
591,2023-08-14,11:00,Dry,Clear,Daylight,Severe,36.547755404818446,-108.78118259461985,Other
593,2023-08-16,20:00,Wet,Foggy,Daylight,Fatal,40.412845412904346,-98.26083065339824,Speeding
594,2023-08-17,03:00,Dry,Clear,Daylight,Minor,40.33372934067417,-107.91631274233151,Speeding
596,2023-08-19,22:00,Wet,Clear,Night,Moderate,40.2933355909997,-113.58084452360563,Speeding
598,2023-08-21,06:00,Wet,Rainy,Daylight,Fatal,40.85988202988976,-101.50474237282546,Other
599,2023-08-22,12:00,Wet,Foggy,Daylight,Severe,34.001481562363544,-92.85270765910028,Distracted Driving
600,2023-08-23,20:00,Snowy,Rainy,Daylight,Minor,36.89945128950217,-95.79398306694318,Distracted Driving
601,2023-08-24,09:00,Dry,Clear,Daylight,Minor,39.90082476827538,-102.69755073951755,Speeding
602,2023-08-25,06:00,Dry,Clear,Daylight,Moderate,38.79775208888222,-106.17965538203056,Distracted Driving
603,2023-08-26,13:00,Snowy,Clear,Daylight,Moderate,35.42057602105294,-100.67705214607179,Distracted Driving
604,2023-08-27,04:00,Dry,Clear,Daylight,Severe,36.429864712708365,-105.57324325255773,Distracted Driving
605,2023-08-28,02:00,Wet,Clear,Night,Minor,36.69434088865685,-111.10922456786315,Speeding
606,2023-08-29,22:00,Dry,Clear,Daylight,Minor,38.54262488937853,-98.98247125013617,Road Defects
607,2023-08-30,10:00,Dry,Clear,Daylight,Minor,40.65278637152861,-93.54916951924301,Speeding
608,2023-08-31,10:00,Wet,Clear,Night,Minor,41.459934238221436,-107.5596307409359,Weather
609,2023-09-01,17:00,Icy,Clear,Daylight,Minor,40.00073930282911,-94.43692290464257,Weather
610,2023-09-02,14:00,Wet,Rainy,Night,Severe,40.74360312141448,-105.92970269846226,Distracted Driving
611,2023-09-03,11:00,Dry,Clear,Daylight,Minor,37.76076766761213,-106.76259359321607,Speeding
613,2023-09-05,09:00,Dry,Clear,Daylight,Minor,37.14166825715374,-98.53219076171251,Speeding
614,2023-09-06,11:00,Dry,Clear,Night,Minor,38.92830822671966,-95.38992929681297,Weather
615,2023-09-07,16:00,Dry,Clear,Daylight,Severe,34.99389364444647,-99.4204062523603,Speeding
616,2023-09-08,05:00,Dry,Clear,Daylight,Moderate,38.63595346232209,-113.76189336102559,Speeding
618,2023-09-10,13:00,Icy,Clear,Daylight,Minor,37.51126992164991,-101.9599549546809,Road Defects
619,2023-09-11,12:00,Wet,Clear,Daylight,Minor,41.62533741416934,-106.75754488283114,Distracted Driving
620,2023-09-12,07:00,Wet,Clear,Daylight,Minor,38.8657061790366,-105.98526206240349,Distracted Driving
621,2023-09-13,09:00,Dry,Clear,Night,Minor,35.759995777893,-90.90159309119579,Distracted Driving
622,2023-09-14,08:00,Icy,Clear,Daylight,Severe,37.83373005946813,-97.73016520659417,Road Defects
623,2023-09-15,17:00,Icy,Clear,Daylight,Minor,39.40323549708235,-106.46994330218281,Speeding
626,2023-09-18,04:00,Dry,Clear,Night,Moderate,38.66748507768708,-98.82549652191602,Speeding
627,2023-09-19,05:00,Dry,Clear,Night,Severe,41.58296134895744,-94.54331473350261,Speeding
628,2023-09-20,18:00,Dry,Clear,Night,Moderate,37.88057588450539,-98.18432637260885,Speeding
629,2023-09-21,07:00,Dry,Rainy,Night,Moderate,41.248872645176306,-106.63514292706769,Speeding
631,2023-09-23,12:00,Dry,Rainy,Daylight,Moderate,35.17930226907187,-90.91275435341356,Speeding
632,2023-09-24,00:00,Dry,Clear,Night,Minor,39.66535937468457,-90.38259025957358,Distracted Driving
633,2023-09-25,21:00,Dry,Clear,Daylight,Minor,37.48372420057583,-102.61779255956048,Speeding
635,2023-09-27,16:00,Dry,Clear,Night,Moderate,39.49550684533362,-102.85276983439493,Other
636,2023-09-28,06:00,Dry,Clear,Daylight,Minor,39.94128574925137,-93.01452283381737,Distracted Driving
637,2023-09-29,12:00,Dry,Clear,Night,Minor,35.43917054987871,-98.96040571641002,Speeding
638,2023-09-30,03:00,Wet,Foggy,Daylight,Fatal,41.31555745644967,-97.84030153108372,Distracted Driving
642,2023-10-04,11:00,Wet,Clear,Night,Severe,41.5146801259439,-92.6774486574922,Other
643,2023-10-05,21:00,Dry,Clear,Daylight,Minor,36.94814126270705,-103.27621018461323,Weather
644,2023-10-06,06:00,Dry,Clear,Daylight,Moderate,34.431758091419134,-95.83589730099625,Weather
646,2023-10-08,18:00,Dry,Clear,Daylight,Moderate,39.628065152706725,-92.02600424575934,Other
647,2023-10-09,06:00,Wet,Clear,Daylight,Severe,38.78328793810666,-95.00802143807812,Weather
648,2023-10-10,02:00,Dry,Rainy,Night,Minor,37.919149955073394,-111.70660394629003,Distracted Driving
649,2023-10-11,12:00,Dry,Clear,Daylight,Moderate,34.25732216258105,-93.5228974677693,Speeding
650,2023-10-12,12:00,Dry,Snowy,Night,Minor,38.996778012161236,-110.62360273688934,Speeding
651,2023-10-13,17:00,Wet,Clear,Night,Minor,37.334676921782346,-112.25048337850642,Distracted Driving
652,2023-10-14,19:00,Dry,Clear,Daylight,Severe,38.48167522192756,-110.60116976925805,Distracted Driving
653,2023-10-15,07:00,Dry,Clear,Daylight,Minor,37.43457073574109,-92.52125822836695,Other
654,2023-10-16,08:00,Wet,Clear,Night,Moderate,41.72844906212159,-92.36342440558366,Distracted Driving
655,2023-10-17,06:00,Dry,Clear,Daylight,Minor,38.83287120920678,-108.78811830873687,Distracted Driving
656,2023-10-18,00:00,Dry,Clear,Daylight,Minor,39.993890644819736,-98.24784281735256,Distracted Driving
657,2023-10-19,02:00,Icy,Rainy,Daylight,Minor,41.490775579768666,-99.07913285540286,Speeding
658,2023-10-20,12:00,Dry,Rainy,Night,Moderate,38.73279458333392,-95.41624630034872,Distracted Driving
659,2023-10-21,16:00,Wet,Clear,Night,Minor,34.0965001425792,-109.69773399602033,Distracted Driving
660,2023-10-22,23:00,Wet,Clear,Night,Moderate,34.27433342648434,-103.71612082650874,Distracted Driving
661,2023-10-23,00:00,Wet,Clear,Daylight,Minor,39.6187074728149,-99.30512937176798,Distracted Driving
663,2023-10-25,20:00,Snowy,Clear,Daylight,Moderate,38.63503781878359,-107.45131513073326,Distracted Driving
664,2023-10-26,05:00,Dry,Clear,Daylight,Severe,35.61821744872535,-98.51512598500007,Distracted Driving
665,2023-10-27,11:00,Wet,Clear,Daylight,Minor,36.161991000493714,-110.92733739266427,Distracted Driving
666,2023-10-28,12:00,Dry,Clear,Night,Moderate,38.0371284475846,-91.18428500381836,Distracted Driving
668,2023-10-30,14:00,Dry,Clear,Daylight,Moderate,38.93016391367353,-91.17355874755216,Speeding
669,2023-10-31,20:00,Icy,Clear,Daylight,Severe,41.48918483610419,-111.9306116957088,Speeding
671,2023-11-02,21:00,Dry,Clear,Daylight,Moderate,35.66487997136406,-109.8107270697404,Distracted Driving
672,2023-11-03,20:00,Dry,Clear,Night,Minor,36.489548819751555,-95.9840953958737,Road Defects
673,2023-11-04,10:00,Wet,Clear,Night,Severe,40.15993824974963,-96.93162381945452,Speeding
674,2023-11-05,04:00,Dry,Rainy,Daylight,Moderate,40.93411201833075,-112.15246834016182,Speeding
675,2023-11-06,03:00,Dry,Clear,Daylight,Minor,38.15381395351622,-112.48987625942962,Distracted Driving
676,2023-11-07,02:00,Wet,Clear,Daylight,Minor,41.94580853824439,-100.00776235747286,Distracted Driving
677,2023-11-08,18:00,Dry,Snowy,Daylight,Severe,34.09257759004216,-105.17368468907955,Distracted Driving
678,2023-11-09,19:00,Snowy,Rainy,Daylight,Severe,36.39674124468173,-95.81588130673474,Road Defects
680,2023-11-11,14:00,Dry,Clear,Daylight,Moderate,37.75431928749986,-100.908467898704,Speeding
681,2023-11-12,08:00,Dry,Clear,Night,Severe,34.9328237314304,-97.54118365728348,Other
682,2023-11-13,16:00,Wet,Clear,Daylight,Minor,36.94229668384451,-90.18518886319727,Speeding
683,2023-11-14,13:00,Dry,Clear,Daylight,Minor,34.20357714636031,-98.99411256136828,Distracted Driving
684,2023-11-15,14:00,Wet,Clear,Daylight,Moderate,39.141968368602235,-111.50833561660095,Distracted Driving
686,2023-11-17,20:00,Wet,Clear,Daylight,Minor,41.07899299026767,-100.05433030996589,Speeding
687,2023-11-18,21:00,Dry,Clear,Daylight,Moderate,39.59635579012437,-103.35087410948995,Speeding
688,2023-11-19,21:00,Dry,Clear,Daylight,Severe,37.72616156398342,-92.82393192353953,Distracted Driving
689,2023-11-20,02:00,Wet,Clear,Daylight,Moderate,38.096252949531916,-97.65497540692431,Speeding
690,2023-11-21,15:00,Dry,Clear,Night,Moderate,35.0953505919653,-103.72721139880662,Speeding
691,2023-11-22,22:00,Dry,Clear,Daylight,Minor,36.72813674495362,-106.69949481857587,Distracted Driving
692,2023-11-23,10:00,Icy,Clear,Night,Minor,35.501824603986186,-106.67750841201703,Distracted Driving
693,2023-11-24,11:00,Dry,Clear,Daylight,Moderate,40.56960162679964,-111.66347998776543,Distracted Driving
695,2023-11-26,15:00,Dry,Clear,Daylight,Severe,38.29538609136094,-101.90250353020103,Road Defects
696,2023-11-27,07:00,Wet,Clear,Daylight,Minor,39.82211232410355,-112.05238748934997,Speeding
697,2023-11-28,05:00,Dry,Rainy,Night,Minor,34.97171816725702,-112.16684630361485,Road Defects
699,2023-11-30,23:00,Snowy,Clear,Night,Severe,39.622328171022765,-112.6913262750526,Distracted Driving
701,2023-12-02,07:00,Dry,Clear,Daylight,Minor,35.946184675765586,-99.1215194070411,Speeding
702,2023-12-03,03:00,Dry,Clear,Daylight,Minor,41.01899616433113,-106.76088074324456,Speeding
703,2023-12-04,07:00,Icy,Clear,Daylight,Severe,39.94326975962978,-102.27731123435194,Distracted Driving
704,2023-12-05,17:00,Dry,Snowy,Night,Minor,41.198858254793564,-100.16518669541762,Speeding
705,2023-12-06,04:00,Wet,Clear,Night,Minor,40.547221179982586,-90.77043225626754,Distracted Driving
707,2023-12-08,03:00,Dry,Rainy,Night,Moderate,35.53738186571559,-106.29830482471974,Road Defects
708,2023-12-09,21:00,Dry,Foggy,Daylight,Minor,34.69398214243179,-111.11485786125853,Distracted Driving
709,2023-12-10,16:00,Wet,Rainy,Daylight,Minor,36.69602233069807,-104.6520659080092,Speeding
710,2023-12-11,08:00,Dry,Clear,Daylight,Minor,35.03203340018607,-92.22677558281113,Road Defects
711,2023-12-12,00:00,Dry,Clear,Daylight,Moderate,38.18504090324979,-97.72844057305176,Speeding
712,2023-12-13,20:00,Icy,Clear,Night,Moderate,39.06423124326194,-99.46541157856299,Speeding
713,2023-12-14,19:00,Dry,Clear,Daylight,Moderate,38.62630892138723,-105.64511545992703,Speeding
714,2023-12-15,12:00,Wet,Clear,Daylight,Severe,36.07392108312216,-99.20885004551579,Distracted Driving
716,2023-12-17,12:00,Dry,Foggy,Daylight,Minor,34.16937890988303,-101.58531718316296,Distracted Driving
717,2023-12-18,13:00,Dry,Clear,Daylight,Moderate,36.784106830107945,-102.49425624722105,Speeding
718,2023-12-19,02:00,Dry,Clear,Daylight,Moderate,39.751939803184484,-108.2940679050306,Other
719,2023-12-20,05:00,Dry,Clear,Daylight,Severe,40.135431410793274,-112.35760448812496,Weather
720,2023-12-21,17:00,Dry,Clear,Daylight,Minor,37.32894835545488,-95.38844457201958,Speeding
723,2023-12-24,14:00,Dry,Clear,Daylight,Severe,34.50475744946573,-105.6653911684439,Speeding
724,2023-12-25,01:00,Dry,Rainy,Daylight,Minor,34.86284620922812,-110.92847267255905,Speeding
725,2023-12-26,09:00,Dry,Clear,Daylight,Minor,39.202005757169516,-97.12733242180343,Speeding
726,2023-12-27,23:00,Dry,Snowy,Daylight,Minor,36.49990660914284,-100.24267784620665,Road Defects
727,2023-12-28,17:00,Dry,Clear,Daylight,Minor,36.78424122166602,-96.36902570845432,Distracted Driving
728,2023-12-29,12:00,Dry,Clear,Night,Moderate,37.89445661586595,-108.90898922254156,Speeding
729,2023-12-30,04:00,Dry,Clear,Night,Minor,41.828627158874994,-97.26546969069972,Speeding
730,2023-12-31,22:00,Dry,Clear,Night,Minor,41.72353776590968,-93.85550939126082,Distracted Driving
731,2024-01-01,23:00,Wet,Clear,Daylight,Severe,37.3300879948806,-108.33231415627999,Distracted Driving
732,2024-01-02,00:00,Dry,Clear,Daylight,Minor,36.12399373774626,-108.48291700746867,Weather
733,2024-01-03,21:00,Dry,Rainy,Night,Moderate,36.420737221312926,-92.80136069062007,Other
735,2024-01-05,17:00,Dry,Clear,Daylight,Minor,38.257966457134245,-108.19469663953636,Distracted Driving
739,2024-01-09,20:00,Dry,Clear,Daylight,Fatal,35.6902803005595,-105.92511784695225,Speeding
740,2024-01-10,21:00,Dry,Clear,Daylight,Severe,37.86004473105691,-98.76523006162186,Weather
741,2024-01-11,16:00,Wet,Rainy,Daylight,Fatal,36.728821710419666,-109.90009211562504,Speeding
742,2024-01-12,12:00,Dry,Clear,Daylight,Minor,38.33276370238674,-94.2090913927685,Speeding
743,2024-01-13,00:00,Icy,Rainy,Daylight,Minor,39.40151532409299,-105.7467623953262,Distracted Driving
744,2024-01-14,01:00,Dry,Clear,Daylight,Moderate,39.06649739549289,-90.88961457307119,Speeding
745,2024-01-15,08:00,Dry,Clear,Daylight,Moderate,37.699921683244746,-91.2836412555764,Speeding
746,2024-01-16,02:00,Dry,Clear,Night,Minor,38.448419394239686,-96.34826576532917,Distracted Driving
747,2024-01-17,00:00,Dry,Clear,Daylight,Moderate,36.27884904768608,-91.89264610789469,Distracted Driving
748,2024-01-18,20:00,Dry,Clear,Daylight,Minor,34.19392207217912,-98.20130986748887,Speeding
749,2024-01-19,15:00,Wet,Rainy,Daylight,Minor,39.00015563334483,-92.92367068024691,Other
750,2024-01-20,22:00,Wet,Clear,Night,Minor,36.0205484731015,-111.37873591374341,Speeding
751,2024-01-21,05:00,Dry,Rainy,Daylight,Moderate,39.351629680546196,-108.32823439504963,Weather
752,2024-01-22,16:00,Wet,Rainy,Daylight,Minor,39.976067996775676,-96.91795815186387,Speeding
753,2024-01-23,04:00,Snowy,Clear,Daylight,Severe,41.32742196883025,-106.1122853302164,Distracted Driving
754,2024-01-24,04:00,Icy,Rainy,Night,Moderate,41.664982363836906,-94.5548318529135,Speeding
755,2024-01-25,05:00,Dry,Snowy,Daylight,Moderate,34.08420837047761,-93.4261115955423,Speeding
756,2024-01-26,02:00,Wet,Rainy,Daylight,Fatal,41.9229936748371,-109.6075744278141,Speeding
757,2024-01-27,20:00,Dry,Rainy,Daylight,Moderate,39.46414654795329,-94.94337737069193,Distracted Driving
758,2024-01-28,22:00,Snowy,Snowy,Daylight,Fatal,39.14819328299352,-113.6806004101758,Distracted Driving
759,2024-01-29,04:00,Dry,Clear,Night,Minor,34.121704761562846,-108.64249207696822,Speeding
760,2024-01-30,20:00,Dry,Clear,Night,Minor,40.8898672950939,-103.49698136860111,Other
761,2024-01-31,04:00,Wet,Rainy,Daylight,Minor,35.16393157798261,-111.65957466109101,Speeding
762,2024-02-01,09:00,Dry,Clear,Night,Minor,40.69864123146433,-101.78050077189442,Distracted Driving
763,2024-02-02,09:00,Snowy,Clear,Daylight,Severe,34.124500370069725,-101.79653779590589,Speeding
764,2024-02-03,18:00,Snowy,Clear,Daylight,Minor,39.16771409999329,-112.20671894417464,Distracted Driving
765,2024-02-04,16:00,Wet,Rainy,Daylight,Moderate,37.47841227015862,-95.72204234320722,Weather
766,2024-02-05,20:00,Dry,Clear,Daylight,Moderate,35.60613383247468,-100.31395429647809,Distracted Driving
767,2024-02-06,13:00,Wet,Foggy,Night,Moderate,34.860491134163475,-109.10270580890128,Speeding
768,2024-02-07,08:00,Dry,Clear,Daylight,Minor,37.521021572370614,-111.49882606283182,Speeding
769,2024-02-08,13:00,Dry,Clear,Daylight,Moderate,34.9864464425714,-93.39499611263417,Weather
770,2024-02-09,00:00,Wet,Clear,Daylight,Minor,37.89157289352838,-94.59921713370973,Speeding
771,2024-02-10,18:00,Dry,Clear,Daylight,Minor,39.00173646922282,-111.56670110404526,Speeding
773,2024-02-12,12:00,Snowy,Foggy,Daylight,Moderate,39.429195497462935,-95.47308731919253,Speeding
774,2024-02-13,03:00,Dry,Rainy,Night,Minor,34.521598133649206,-100.76576045257879,Speeding
776,2024-02-15,16:00,Icy,Clear,Daylight,Minor,36.303828863460005,-101.55397022587094,Weather
777,2024-02-16,07:00,Dry,Rainy,Night,Minor,41.32025938776867,-105.33888480987255,Distracted Driving
778,2024-02-17,01:00,Wet,Foggy,Night,Minor,40.942256355142106,-96.31259083073664,Speeding
779,2024-02-18,07:00,Snowy,Clear,Daylight,Moderate,36.96118334680334,-112.14562441955556,Distracted Driving
780,2024-02-19,06:00,Icy,Clear,Night,Moderate,34.56924204706065,-105.31161115945926,Distracted Driving
781,2024-02-20,01:00,Wet,Clear,Daylight,Minor,41.15285854243787,-113.62516480094634,Distracted Driving
782,2024-02-21,21:00,Dry,Rainy,Daylight,Minor,41.1055196237135,-91.18923762129629,Speeding
783,2024-02-22,21:00,Dry,Clear,Daylight,Moderate,40.8379690562458,-96.19533160609541,Other
784,2024-02-23,02:00,Wet,Clear,Night,Minor,40.76065310188401,-97.3717720579609,Distracted Driving
785,2024-02-24,17:00,Icy,Clear,Daylight,Minor,37.84203200868924,-98.67421337941755,Other
786,2024-02-25,11:00,Dry,Rainy,Daylight,Moderate,35.41945321799679,-106.14657961094132,Speeding
787,2024-02-26,00:00,Dry,Clear,Daylight,Minor,37.819904403699425,-92.14809236031195,Speeding
789,2024-02-28,11:00,Dry,Clear,Daylight,Minor,37.919454025958885,-95.50874599298935,Weather
790,2024-02-29,04:00,Wet,Clear,Daylight,Moderate,38.31018068892093,-111.97348350103948,Speeding
791,2024-03-01,16:00,Dry,Clear,Daylight,Minor,36.06125618392924,-108.92721724225225,Road Defects
792,2024-03-02,15:00,Icy,Rainy,Night,Severe,36.92992944906892,-103.45596758891537,Road Defects
793,2024-03-03,14:00,Wet,Rainy,Night,Minor,37.47349273570776,-96.08565969044378,Distracted Driving
794,2024-03-04,22:00,Dry,Rainy,Daylight,Moderate,35.048969676131996,-94.52102258569538,Distracted Driving
795,2024-03-05,14:00,Wet,Rainy,Daylight,Moderate,37.64291307649201,-101.6554969955165,Weather
796,2024-03-06,04:00,Dry,Clear,Night,Minor,40.483756936556745,-106.71500630982881,Distracted Driving
797,2024-03-07,20:00,Dry,Rainy,Daylight,Minor,40.62447634186301,-91.49793220071012,Speeding
798,2024-03-08,13:00,Wet,Clear,Night,Moderate,37.29251017520824,-111.09740371649768,Distracted Driving
799,2024-03-09,01:00,Wet,Clear,Night,Severe,38.15046649667483,-95.51335187534221,Road Defects
800,2024-03-10,10:00,Wet,Snowy,Daylight,Minor,34.269202657080456,-100.86261059945171,Speeding
801,2024-03-11,18:00,Dry,Clear,Daylight,Minor,39.395460451748775,-107.44693952721401,Other
803,2024-03-13,05:00,Wet,Clear,Daylight,Minor,37.563821464666766,-105.49521956223845,Speeding
804,2024-03-14,01:00,Dry,Clear,Daylight,Fatal,40.989381817438115,-110.25184006881562,Speeding
807,2024-03-17,01:00,Wet,Snowy,Daylight,Minor,35.8199271269525,-108.26836683527515,Other
808,2024-03-18,17:00,Dry,Clear,Daylight,Minor,37.80496491446607,-100.78679311526184,Weather
809,2024-03-19,14:00,Wet,Clear,Daylight,Moderate,37.39517034198828,-94.54945916978633,Other
810,2024-03-20,18:00,Snowy,Clear,Night,Severe,40.88296109824385,-112.86022914147485,Speeding
811,2024-03-21,01:00,Dry,Rainy,Daylight,Fatal,38.33710007444933,-106.10996880334662,Speeding
812,2024-03-22,19:00,Dry,Clear,Night,Minor,39.51708593532097,-107.02522807601974,Distracted Driving
813,2024-03-23,05:00,Dry,Clear,Daylight,Minor,37.75458637634776,-103.62496774216156,Road Defects
814,2024-03-24,00:00,Icy,Clear,Daylight,Minor,37.51724587247332,-95.33155641733252,Speeding
815,2024-03-25,23:00,Dry,Clear,Night,Severe,37.57029334779481,-102.49793389602142,Other
816,2024-03-26,14:00,Dry,Clear,Daylight,Minor,37.28737255755071,-94.29366242193576,Distracted Driving
817,2024-03-27,22:00,Dry,Rainy,Daylight,Minor,38.30866708683363,-103.48055083006862,Other
818,2024-03-28,09:00,Wet,Clear,Daylight,Minor,36.00354721402883,-101.0922737749244,Speeding
819,2024-03-29,18:00,Dry,Clear,Daylight,Minor,41.128441550734564,-105.7532692101963,Distracted Driving
820,2024-03-30,16:00,Wet,Clear,Daylight,Fatal,36.664684384750984,-94.95332375172225,Weather
821,2024-03-31,04:00,Icy,Rainy,Daylight,Moderate,35.18019067341878,-92.13283822178973,Weather
822,2024-04-01,03:00,Dry,Clear,Daylight,Minor,34.77240382878196,-100.10394733255193,Speeding
823,2024-04-02,09:00,Wet,Clear,Daylight,Minor,34.10738332096102,-95.0180914231587,Other
825,2024-04-04,16:00,Icy,Clear,Daylight,Minor,35.500887908363396,-92.62887095949358,Speeding
826,2024-04-05,09:00,Wet,Rainy,Daylight,Minor,34.173183220697986,-112.71009812850451,Speeding
827,2024-04-06,16:00,Icy,Clear,Daylight,Moderate,38.16015637031619,-110.81742803487738,Distracted Driving
829,2024-04-08,23:00,Dry,Clear,Daylight,Minor,34.68600840728884,-90.96879672472635,Weather
830,2024-04-09,04:00,Dry,Rainy,Daylight,Minor,37.68736618335728,-94.14369621432546,Speeding
831,2024-04-10,01:00,Dry,Clear,Daylight,Moderate,39.94902942880597,-92.43083108544965,Distracted Driving
832,2024-04-11,05:00,Dry,Rainy,Night,Moderate,41.8864545680674,-94.27794730271958,Distracted Driving
833,2024-04-12,20:00,Dry,Clear,Daylight,Moderate,39.33752275714049,-104.5731445238039,Speeding
834,2024-04-13,01:00,Dry,Clear,Night,Moderate,35.958716406476164,-92.12570584545863,Distracted Driving
835,2024-04-14,12:00,Dry,Rainy,Daylight,Moderate,39.732429118232,-90.85476102803872,Speeding
836,2024-04-15,10:00,Wet,Clear,Daylight,Minor,38.78343541455864,-103.92812464989687,Speeding
837,2024-04-16,10:00,Dry,Clear,Night,Severe,35.694394308652384,-113.08250612279252,Distracted Driving
838,2024-04-17,15:00,Dry,Clear,Daylight,Minor,40.80888660678044,-99.55856974903335,Other
839,2024-04-18,10:00,Dry,Clear,Daylight,Minor,37.41923541782081,-90.68772788410003,Speeding
840,2024-04-19,18:00,Dry,Clear,Night,Moderate,41.695821237873005,-93.5798879239515,Speeding
841,2024-04-20,14:00,Snowy,Clear,Night,Minor,39.78320805958222,-93.8691750679146,Speeding
842,2024-04-21,22:00,Dry,Clear,Daylight,Severe,39.156505237054574,-91.8530955293961,Speeding
843,2024-04-22,22:00,Wet,Rainy,Daylight,Minor,39.826822699812496,-92.96933670452869,Distracted Driving
844,2024-04-23,15:00,Snowy,Clear,Night,Severe,37.82477615054577,-96.2641134074878,Weather
845,2024-04-24,10:00,Wet,Rainy,Daylight,Severe,38.04181182241339,-97.88836069946883,Speeding
846,2024-04-25,21:00,Wet,Snowy,Night,Fatal,40.80965908355795,-110.58651913514687,Other
847,2024-04-26,15:00,Wet,Clear,Daylight,Severe,39.44742829314802,-100.60247940000342,Speeding
848,2024-04-27,07:00,Snowy,Clear,Daylight,Severe,41.17794660153314,-103.3983185922351,Road Defects
849,2024-04-28,03:00,Wet,Clear,Night,Moderate,41.12661402859415,-93.86556543573225,Road Defects
850,2024-04-29,07:00,Dry,Clear,Daylight,Minor,41.811920272353994,-104.23204794227799,Distracted Driving
853,2024-05-02,02:00,Wet,Clear,Daylight,Fatal,35.33049360167266,-99.01955262687737,Distracted Driving
854,2024-05-03,02:00,Dry,Clear,Daylight,Moderate,39.64304447717934,-102.60256516043948,Road Defects
855,2024-05-04,17:00,Dry,Clear,Night,Severe,36.332621734079446,-108.73303867796345,Distracted Driving
856,2024-05-05,18:00,Dry,Clear,Daylight,Severe,36.26358054429865,-113.26877979893906,Distracted Driving
857,2024-05-06,18:00,Dry,Clear,Daylight,Minor,35.906302211584546,-104.93197097269073,Road Defects
859,2024-05-08,04:00,Dry,Clear,Daylight,Minor,40.94371557345727,-108.588962301808,Distracted Driving
860,2024-05-09,17:00,Dry,Clear,Daylight,Minor,39.04776355896047,-107.38206662540223,Road Defects
861,2024-05-10,09:00,Dry,Rainy,Daylight,Moderate,37.783847850965884,-104.96267654453706,Distracted Driving
862,2024-05-11,21:00,Wet,Clear,Night,Fatal,39.37691568079039,-104.93461896251229,Distracted Driving
863,2024-05-12,20:00,Dry,Foggy,Daylight,Moderate,38.85783560238713,-110.80384198272024,Distracted Driving
864,2024-05-13,05:00,Dry,Snowy,Daylight,Minor,37.3258739865871,-94.19409251514435,Weather
865,2024-05-14,00:00,Wet,Rainy,Daylight,Minor,37.03704693988507,-108.04478182481112,Speeding
866,2024-05-15,04:00,Dry,Rainy,Daylight,Minor,37.0623544651628,-111.57155535100955,Distracted Driving
867,2024-05-16,08:00,Dry,Clear,Daylight,Moderate,38.71306722524831,-113.07732326450348,Distracted Driving
868,2024-05-17,11:00,Icy,Foggy,Daylight,Minor,39.181354848966606,-108.96780495390661,Speeding