Accident ID,Date,Time,Road Condition,Weather,Light Condition,Severity,Latitude,Longitude,Contributing Factors
871,2024-05-20,16:00,Dry,Foggy,Daylight,Minor,34.67076574403585,-101.0560184895197,Distracted Driving
872,2024-05-21,13:00,Snowy,Snowy,Daylight,Severe,36.776376207630214,-100.66388019062268,Speeding
873,2024-05-22,12:00,Wet,Rainy,Daylight,Minor,37.35259746500353,-103.1715303261279,Road Defects
874,2024-05-23,08:00,Dry,Clear,Daylight,Minor,34.13537074771955,-96.65601453351172,Road Defects
876,2024-05-25,21:00,Dry,Clear,Daylight,Minor,36.18967933738274,-91.7927529701349,Speeding
878,2024-05-27,23:00,Dry,Clear,Night,Moderate,36.691284377466154,-99.12735615697937,Road Defects
880,2024-05-29,15:00,Dry,Clear,Daylight,Moderate,38.079459963261186,-93.36264786738181,Speeding
881,2024-05-30,16:00,Wet,Clear,Daylight,Minor,35.038097867970116,-103.70002796553912,Distracted Driving
883,2024-06-01,00:00,Dry,Clear,Daylight,Minor,34.79383116866141,-100.73172484439795,Speeding
885,2024-06-03,16:00,Wet,Clear,Daylight,Moderate,41.451377552689756,-96.27137900367316,Distracted Driving
886,2024-06-04,02:00,Dry,Rainy,Night,Severe,36.57956232147883,-99.78362037390855,Road Defects
887,2024-06-05,19:00,Dry,Clear,Daylight,Moderate,41.409141066103444,-112.0465070178218,Distracted Driving
888,2024-06-06,14:00,Icy,Clear,Daylight,Minor,40.34406527298031,-107.50697434706937,Distracted Driving
890,2024-06-08,23:00,Snowy,Clear,Daylight,Fatal,39.33016109536678,-98.57685318080627,Speeding
891,2024-06-09,21:00,Dry,Clear,Daylight,Minor,35.88515231537137,-108.96529214972786,Speeding
892,2024-06-10,13:00,Wet,Clear,Night,Minor,41.15618589528778,-101.99551037169186,Weather
893,2024-06-11,22:00,Dry,Clear,Daylight,Minor,35.47412060936595,-91.21162641839504,Speeding
894,2024-06-12,13:00,Icy,Foggy,Night,Minor,35.70448440814028,-109.61493203746763,Road Defects
895,2024-06-13,23:00,Dry,Rainy,Night,Minor,36.16850392112291,-90.27333924555509,Speeding
896,2024-06-14,01:00,Dry,Clear,Daylight,Minor,36.43397049189268,-100.28360519178814,Speeding
897,2024-06-15,12:00,Dry,Snowy,Daylight,Minor,38.115837137048246,-111.22151734400586,Other
898,2024-06-16,13:00,Dry,Clear,Daylight,Severe,39.707658883472355,-105.77021927540478,Distracted Driving
899,2024-06-17,23:00,Dry,Clear,Daylight,Minor,41.40966539520547,-97.26731257325949,Weather
900,2024-06-18,18:00,Icy,Clear,Night,Minor,34.70750069868402,-105.49861858487373,Speeding
902,2024-06-20,02:00,Wet,Clear,Night,Moderate,41.370583736774506,-113.27909748128882,Road Defects
903,2024-06-21,14:00,Wet,Clear,Daylight,Minor,34.43199433744831,-95.84366311804953,Speeding
904,2024-06-22,22:00,Wet,Clear,Night,Severe,36.8825691015325,-99.84555387989428,Distracted Driving
905,2024-06-23,13:00,Dry,Rainy,Night,Minor,40.50514712239469,-102.04488663470025,Speeding
906,2024-06-24,10:00,Dry,Clear,Daylight,Severe,38.89261236383521,-113.30658481884876,Speeding
907,2024-06-25,14:00,Wet,Clear,Daylight,Minor,40.232751547054164,-94.5427915301905,Weather
908,2024-06-26,12:00,Snowy,Clear,Daylight,Minor,39.7522667103191,-91.099276931585,Road Defects
911,2024-06-29,02:00,Dry,Clear,Night,Minor,38.67414561651601,-93.22771390719218,Distracted Driving
912,2024-06-30,18:00,Snowy,Rainy,Daylight,Minor,34.388533224474365,-95.16453688710041,Distracted Driving
913,2024-07-01,14:00,Dry,Clear,Daylight,Minor,38.82981374028105,-100.69783524568378,Weather
914,2024-07-02,22:00,Dry,Clear,Night,Moderate,40.40328689994943,-91.54097414838813,Speeding
915,2024-07-03,04:00,Icy,Clear,Daylight,Minor,38.67993398961535,-99.89994381622391,Speeding
916,2024-07-04,09:00,Dry,Clear,Night,Minor,41.97617443649358,-111.9524122795739,Other
917,2024-07-05,06:00,Dry,Clear,Daylight,Minor,37.64693200144347,-97.5980149359268,Speeding
918,2024-07-06,16:00,Wet,Clear,Daylight,Moderate,39.9906197088319,-99.92011034712216,Speeding
919,2024-07-07,06:00,Icy,Clear,Daylight,Severe,39.33770633393526,-90.39914834371918,Distracted Driving
920,2024-07-08,21:00,Dry,Clear,Daylight,Moderate,41.9314535324647,-112.01091938150583,Weather
921,2024-07-09,11:00,Dry,Clear,Daylight,Minor,39.705752040616844,-101.25922178184723,Distracted Driving
922,2024-07-10,16:00,Dry,Clear,Daylight,Severe,35.312245851675115,-96.15530937769657,Speeding
923,2024-07-11,12:00,Dry,Clear,Daylight,Moderate,41.644141651337925,-108.50847349853122,Other
924,2024-07-12,19:00,Wet,Clear,Daylight,Severe,39.34221781156609,-107.36897167324935,Weather
925,2024-07-13,03:00,Dry,Clear,Daylight,Minor,34.474705846451116,-93.13874852680702,Road Defects
926,2024-07-14,09:00,Dry,Clear,Night,Minor,39.2605464462769,-106.68254337095132,Speeding
927,2024-07-15,02:00,Dry,Clear,Night,Moderate,41.0649552533982,-100.5074801469228,Speeding
928,2024-07-16,08:00,Dry,Clear,Night,Minor,38.616334895920204,-93.10133214924889,Speeding
929,2024-07-17,12:00,Dry,Clear,Night,Moderate,36.83215710425609,-112.12485567346428,Speeding
930,2024-07-18,17:00,Icy,Clear,Daylight,Severe,40.56727707256493,-90.50743570212704,Speeding
931,2024-07-19,14:00,Dry,Rainy,Daylight,Severe,40.260096065646636,-98.34530104883088,Speeding
932,2024-07-20,03:00,Wet,Clear,Daylight,Fatal,38.353457233850406,-104.10859256403954,Distracted Driving
933,2024-07-21,14:00,Wet,Rainy,Night,Moderate,35.234894159167204,-105.93422419817206,Distracted Driving
934,2024-07-22,21:00,Dry,Clear,Daylight,Minor,36.007891884185455,-91.27779076455788,Weather
935,2024-07-23,01:00,Dry,Clear,Daylight,Minor,39.90787177748884,-112.23970482916934,Speeding
936,2024-07-24,14:00,Dry,Clear,Night,Minor,40.44865732315942,-109.27286880831308,Distracted Driving
937,2024-07-25,07:00,Dry,Clear,Daylight,Moderate,36.23412222432792,-109.38180284465811,Speeding
938,2024-07-26,07:00,Dry,Clear,Daylight,Minor,36.943880617494294,-109.90782262743502,Distracted Driving
939,2024-07-27,16:00,Dry,Clear,Daylight,Minor,34.621055081998364,-104.8809347339607,Distracted Driving
940,2024-07-28,11:00,Dry,Clear,Daylight,Moderate,39.707695586932,-90.30298146850068,Distracted Driving
941,2024-07-29,18:00,Wet,Clear,Daylight,Moderate,34.02862035680025,-93.11397053194591,Road Defects
942,2024-07-30,09:00,Dry,Rainy,Daylight,Fatal,34.372332169752546,-108.81741208699839,Road Defects
943,2024-07-31,08:00,Wet,Foggy,Daylight,Moderate,34.03475254227272,-106.15963675955615,Distracted Driving
944,2024-08-01,04:00,Dry,Clear,Daylight,Moderate,39.16255666670094,-99.25453910119393,Road Defects
946,2024-08-03,19:00,Dry,Clear,Night,Fatal,36.38037409074664,-95.03569755680186,Road Defects
947,2024-08-04,01:00,Dry,Clear,Daylight,Moderate,41.30160808285688,-93.36565439526626,Distracted Driving
948,2024-08-05,23:00,Wet,Clear,Night,Severe,35.54242235741285,-93.99839063891305,Distracted Driving
949,2024-08-06,12:00,Dry,Snowy,Daylight,Severe,37.114944083051206,-107.49847716720498,Weather
950,2024-08-07,05:00,Dry,Clear,Daylight,Severe,41.522494407422016,-105.06401379380218,Speeding
952,2024-08-09,00:00,Dry,Clear,Daylight,Minor,38.43754948517646,-106.81693025478057,Other
953,2024-08-10,20:00,Dry,Rainy,Daylight,Minor,34.6426949325559,-105.10804897373515,Weather
954,2024-08-11,21:00,Wet,Clear,Daylight,Minor,40.3213310951477,-92.6047197940826,Speeding
955,2024-08-12,20:00,Icy,Clear,Daylight,Minor,37.382070216705905,-92.96834513479708,Speeding
956,2024-08-13,05:00,Wet,Snowy,Night,Minor,40.40412099678787,-90.94928220553854,Road Defects
957,2024-08-14,05:00,Dry,Clear,Daylight,Minor,36.030381140447936,-93.21706041746543,Other
959,2024-08-16,15:00,Dry,Clear,Daylight,Moderate,40.29239149092008,-100.03909613469784,Road Defects
961,2024-08-18,10:00,Snowy,Clear,Daylight,Moderate,34.477004195098154,-110.36735998136041,Speeding
962,2024-08-19,23:00,Wet,Clear,Daylight,Moderate,40.499649419351236,-101.80738637482375,Road Defects
963,2024-08-20,22:00,Icy,Rainy,Daylight,Moderate,36.40551254101688,-98.38281308458892,Speeding
964,2024-08-21,08:00,Dry,Clear,Night,Severe,38.405946247128576,-99.67030327432133,Distracted Driving
969,2024-08-26,04:00,Dry,Clear,Daylight,Moderate,34.30350650348748,-113.00943614845897,Road Defects
970,2024-08-27,03:00,Wet,Clear,Daylight,Minor,35.175683247230495,-98.72234184327634,Road Defects
971,2024-08-28,23:00,Wet,Clear,Daylight,Minor,41.33662559092383,-94.73655696754372,Weather
972,2024-08-29,05:00,Wet,Clear,Daylight,Minor,41.98621943098597,-106.55321107794451,Distracted Driving
973,2024-08-30,01:00,Dry,Clear,Night,Minor,40.24416460695685,-98.60211782000638,Speeding
974,2024-08-31,19:00,Dry,Rainy,Night,Moderate,36.29450099818789,-112.39954468455686,Distracted Driving
975,2024-09-01,10:00,Dry,Foggy,Daylight,Moderate,37.21956110754874,-90.74815575426457,Road Defects
976,2024-09-02,03:00,Icy,Rainy,Daylight,Minor,39.91602763924866,-108.20006935998668,Speeding
977,2024-09-03,14:00,Dry,Clear,Daylight,Minor,41.748108455065584,-94.31572662626462,Other
978,2024-09-04,05:00,Dry,Clear,Daylight,Minor,37.64376936583494,-91.52974156637717,Road Defects
979,2024-09-05,21:00,Wet,Clear,Night,Minor,40.636179322307,-93.78800903949154,Weather
981,2024-09-07,23:00,Wet,Clear,Night,Minor,40.98778536844804,-99.79139959539683,Distracted Driving
985,2024-09-11,14:00,Dry,Clear,Night,Minor,38.250886653562134,-92.34782249948239,Distracted Driving
986,2024-09-12,10:00,Dry,Clear,Daylight,Fatal,35.61000291640936,-92.56302160070898,Weather
987,2024-09-13,07:00,Dry,Clear,Daylight,Severe,36.277395135574544,-111.67691714260705,Weather
988,2024-09-14,18:00,Dry,Clear,Daylight,Minor,40.12122528678837,-102.68228598563846,Speeding
989,2024-09-15,12:00,Dry,Rainy,Night,Moderate,37.76277806970507,-91.25920865655407,Speeding
990,2024-09-16,11:00,Wet,Clear,Daylight,Severe,36.53883266880205,-104.09222836849065,Road Defects
991,2024-09-17,04:00,Wet,Clear,Daylight,Minor,38.981008218895354,-106.97982103591877,Speeding
992,2024-09-18,05:00,Dry,Clear,Night,Severe,39.222078047809006,-104.46903656675052,Distracted Driving
993,2024-09-19,21:00,Wet,Clear,Night,Minor,40.15516621472642,-95.87395867654556,Distracted Driving
994,2024-09-20,03:00,Snowy,Clear,Daylight,Moderate,35.253674366103354,-104.63622628906941,Speeding
995,2024-09-21,18:00,Wet,Rainy,Daylight,Fatal,39.93213801861592,-96.06822492409366,Speeding
996,2024-09-22,19:00,Wet,Rainy,Night,Severe,38.79542713688335,-105.91247152205388,Road Defects
997,2024-09-23,00:00,Dry,Rainy,Night,Minor,34.460574922422374,-110.94384120608129,Distracted Driving
998,2024-09-24,19:00,Dry,Clear,Daylight,Minor,40.21956502602729,-108.85876356507862,Distracted Driving
1000,2024-09-26,11:00,Dry,Clear,Daylight,Moderate,36.6430474746371,-104.07332795654025,Speeding
1001,2024-09-27,14:00,Icy,Clear,Night,Moderate,37.58460121265308,-113.85289410310736,Speeding
1002,2024-09-28,00:00,Wet,Clear,Daylight,Fatal,36.76940061844903,-95.27668382262748,Weather
1003,2024-09-29,13:00,Dry,Clear,Daylight,Severe,36.70628473767927,-106.22346392360697,Weather
1004,2024-09-30,05:00,Dry,Clear,Daylight,Minor,40.464621341605,-96.57993492823175,Distracted Driving
1005,2024-10-01,04:00,Wet,Rainy,Night,Minor,34.99604203492554,-91.27510802891825,Other
1006,2024-10-02,10:00,Dry,Clear,Daylight,Minor,41.76480054285967,-94.2146174080294,Other
1007,2024-10-03,03:00,Dry,Clear,Daylight,Moderate,38.439453154994744,-91.35901696711704,Speeding
1008,2024-10-04,12:00,Icy,Clear,Daylight,Moderate,35.4633919873705,-102.09777724761955,Speeding
1009,2024-10-05,10:00,Dry,Rainy,Daylight,Moderate,35.049723863453494,-113.37091584854483,Road Defects
1010,2024-10-06,02:00,Dry,Snowy,Daylight,Minor,38.73207625707986,-91.80891328285638,Speeding
1011,2024-10-07,00:00,Dry,Rainy,Night,Minor,39.063995550775424,-93.68187706329041,Speeding
1012,2024-10-08,05:00,Icy,Clear,Daylight,Minor,34.424206168238484,-93.796436250126,Weather
1013,2024-10-09,17:00,Dry,Clear,Night,Moderate,35.944015313030285,-98.58831603255588,Distracted Driving
1014,2024-10-10,23:00,Dry,Clear,Daylight,Minor,40.36369536977174,-100.50234465878978,Distracted Driving
1016,2024-10-12,04:00,Dry,Clear,Daylight,Minor,40.84070931124829,-97.05448606553274,Distracted Driving
1018,2024-10-14,09:00,Wet,Clear,Daylight,Minor,37.475386074905636,-110.72697378912788,Speeding
1019,2024-10-15,11:00,Dry,Snowy,Night,Severe,36.77146279176733,-102.55827173016257,Speeding
1020,2024-10-16,01:00,Icy,Clear,Night,Moderate,34.15399171079115,-105.35148762347083,Distracted Driving
1022,2024-10-18,07:00,Dry,Clear,Night,Moderate,35.14177483174831,-94.92841836335205,Other
1023,2024-10-19,01:00,Dry,Foggy,Daylight,Minor,36.4763359348967,-93.39357317359406,Speeding
1024,2024-10-20,19:00,Dry,Rainy,Night,Minor,38.55285584290243,-98.90755758209053,Weather
1025,2024-10-21,00:00,Dry,Rainy,Daylight,Fatal,35.967940800570034,-102.85009995760898,Weather
1026,2024-10-22,04:00,Dry,Foggy,Daylight,Moderate,37.97712371001761,-91.0993405108148,Road Defects
1028,2024-10-24,16:00,Wet,Clear,Daylight,Moderate,37.7643034783222,-97.3385184973803,Speeding
1030,2024-10-26,10:00,Wet,Clear,Daylight,Minor,40.78000496301073,-107.30834563014436,Speeding
1031,2024-10-27,14:00,Icy,Clear,Daylight,Moderate,36.66431388290715,-101.60643374321259,Speeding
1032,2024-10-28,23:00,Dry,Clear,Night,Minor,37.199696996671506,-97.36154466587814,Distracted Driving
1034,2024-10-30,22:00,Dry,Snowy,Night,Severe,39.009435623396115,-110.70325918159027,Speeding
1035,2024-10-31,02:00,Dry,Rainy,Daylight,Minor,36.294365833508316,-102.93038904052503,Distracted Driving
1036,2024-11-01,16:00,Dry,Rainy,Daylight,Minor,41.75399311058007,-103.07953698347781,Speeding
1037,2024-11-02,04:00,Wet,Clear,Night,Severe,38.86947376482801,-100.1464598215046,Road Defects
1038,2024-11-03,11:00,Dry,Clear,Daylight,Severe,37.19521326992907,-109.49209973568978,Distracted Driving
1039,2024-11-04,17:00,Dry,Clear,Night,Minor,39.16007852393254,-102.8651809695098,Speeding
1040,2024-11-05,13:00,Wet,Clear,Daylight,Severe,37.163240084237664,-112.68597023183186,Speeding
1041,2024-11-06,20:00,Dry,Rainy,Daylight,Severe,40.54236544783535,-112.76757799670325,Distracted Driving
1042,2024-11-07,23:00,Wet,Clear,Daylight,Minor,38.54272768441377,-101.85620902416701,Speeding
1043,2024-11-08,10:00,Dry,Foggy,Daylight,Minor,34.33576402724854,-98.80676761873045,Speeding
1046,2024-11-11,11:00,Dry,Clear,Daylight,Minor,38.50319861085432,-102.17152463910739,Weather
1047,2024-11-12,02:00,Snowy,Clear,Daylight,Fatal,41.60274781211124,-110.43731893605792,Speeding
1048,2024-11-13,02:00,Dry,Clear,Daylight,Moderate,34.579378502885476,-107.0128251372488,Distracted Driving
1049,2024-11-14,00:00,Snowy,Clear,Daylight,Moderate,36.36208504068779,-106.77904346586782,Distracted Driving
1050,2024-11-15,07:00,Dry,Rainy,Daylight,Fatal,35.54834698591658,-113.00051994002234,Speeding
1052,2024-11-17,07:00,Dry,Clear,Night,Minor,37.06234264863927,-94.1117493208678,Speeding
1053,2024-11-18,10:00,Dry,Clear,Night,Minor,35.25818827261114,-97.97994487086473,Road Defects
1054,2024-11-19,08:00,Icy,Clear,Night,Moderate,39.142015311676374,-98.66492037276416,Distracted Driving
1055,2024-11-20,04:00,Dry,Snowy,Daylight,Minor,38.290386926377494,-102.69785613282704,Distracted Driving
1056,2024-11-21,13:00,Dry,Clear,Night,Minor,36.19789001037041,-98.37284967181263,Speeding
1057,2024-11-22,02:00,Dry,Snowy,Daylight,Moderate,37.83817086225902,-91.80072542866648,Speeding
1058,2024-11-23,20:00,Dry,Clear,Daylight,Severe,39.96590652032952,-99.36113538557984,Distracted Driving
1059,2024-11-24,04:00,Dry,Snowy,Daylight,Minor,35.64217339640527,-110.5774407460314,Distracted Driving
1060,2024-11-25,04:00,Dry,Clear,Daylight,Moderate,36.34324597361383,-102.02431855125485,Speeding
1061,2024-11-26,18:00,Wet,Clear,Night,Minor,36.76888789675292,-105.61491670574611,Speeding
1062,2024-11-27,13:00,Dry,Clear,Daylight,Moderate,39.97381149760825,-102.42026432885982,Speeding
1063,2024-11-28,03:00,Dry,Clear,Night,Minor,40.775380796407255,-103.5069066324409,Distracted Driving
1064,2024-11-29,12:00,Dry,Clear,Daylight,Severe,37.01110797153289,-93.95429201360298,Speeding
1065,2024-11-30,09:00,Dry,Clear,Daylight,Minor,36.37296689467134,-99.74959710533012,Distracted Driving
1066,2024-12-01,17:00,Snowy,Clear,Night,Moderate,41.115574066813416,-112.71476261784508,Speeding
1068,2024-12-03,07:00,Dry,Clear,Daylight,Minor,39.362829117294396,-106.11781391692229,Speeding
1070,2024-12-05,07:00,Dry,Clear,Daylight,Minor,39.27973022241528,-109.0876731966666,Speeding
1071,2024-12-06,13:00,Dry,Clear,Daylight,Minor,39.8676821760626,-107.69539885570168,Speeding
1072,2024-12-07,18:00,Snowy,Clear,Daylight,Minor,37.10924801234811,-107.48351152772213,Distracted Driving
1073,2024-12-08,05:00,Wet,Rainy,Night,Moderate,37.46374037599243,-90.578199318931,Speeding
1074,2024-12-09,00:00,Snowy,Clear,Night,Moderate,35.15308531191516,-109.49077544477089,Speeding
1075,2024-12-10,22:00,Dry,Clear,Night,Minor,40.58200011812099,-110.57363012939861,Road Defects
1077,2024-12-12,00:00,Dry,Rainy,Daylight,Minor,38.987505069552896,-103.69175260088684,Speeding
1078,2024-12-13,16:00,Dry,Clear,Daylight,Moderate,36.74917846756319,-113.69711942601862,Road Defects
1079,2024-12-14,00:00,Wet,Clear,Daylight,Minor,35.23213060299493,-100.74374804353803,Distracted Driving
1080,2024-12-15,14:00,Dry,Rainy,Daylight,Moderate,36.12124983764252,-113.65552618972622,Speeding
1081,2024-12-16,22:00,Wet,Clear,Night,Minor,36.04328336681475,-101.85314710274237,Other
1082,2024-12-17,01:00,Wet,Clear,Daylight,Fatal,38.908223073308584,-94.86446130311046,Road Defects
1084,2024-12-19,20:00,Dry,Rainy,Daylight,Minor,34.38617509566385,-106.24708470229024,Speeding
1085,2024-12-20,07:00,Wet,Clear,Daylight,Minor,34.00817839675558,-105.0906289178726,Speeding
1086,2024-12-21,07:00,Dry,Rainy,Daylight,Severe,38.801455554514604,-95.84997998261285,Distracted Driving
1087,2024-12-22,18:00,Wet,Clear,Daylight,Moderate,36.27248369663772,-104.89836230552476,Distracted Driving
1088,2024-12-23,06:00,Dry,Clear,Daylight,Moderate,41.04438673871166,-102.10899797922303,Speeding
1089,2024-12-24,18:00,Dry,Clear,Daylight,Severe,36.61800246324653,-95.84628089953401,Road Defects
1090,2024-12-25,05:00,Dry,Clear,Daylight,Severe,36.317900804231115,-102.32676219797986,Distracted Driving
1091,2024-12-26,05:00,Snowy,Snowy,Daylight,Moderate,36.15608496974638,-107.9676164214517,Distracted Driving
1093,2024-12-28,06:00,Wet,Clear,Daylight,Severe,38.652243794216886,-97.56236237364783,Distracted Driving
1094,2024-12-29,18:00,Dry,Clear,Daylight,Minor,35.34570881867368,-93.60813179545966,Speeding
1095,2024-12-30,07:00,Wet,Clear,Night,Moderate,37.39704927832233,-90.8381929634354,Other
1096,2024-12-31,09:00,Wet,Clear,Daylight,Moderate,37.68777641804519,-92.05520333839608,Speeding
1097,2025-01-01,19:00,Dry,Clear,Night,Moderate,34.163936375023795,-95.67229855266903,Speeding
1098,2025-01-02,14:00,Dry,Clear,Night,Moderate,34.13445823856914,-99.98278589711961,Road Defects
1099,2025-01-03,14:00,Wet,Clear,Daylight,Moderate,38.161701510054634,-96.11911591674212,Other
1100,2025-01-04,00:00,Dry,Rainy,Night,Fatal,39.56827785783306,-105.9016560401421,Road Defects
1101,2025-01-05,19:00,Wet,Snowy,Night,Minor,41.537139858243236,-101.34626598585662,Road Defects
1102,2025-01-06,06:00,Dry,Clear,Daylight,Minor,35.43295427325564,-108.23640534410282,Distracted Driving
1103,2025-01-07,03:00,Icy,Rainy,Daylight,Moderate,34.82607047548866,-108.85214198054928,Other
1104,2025-01-08,05:00,Wet,Clear,Night,Fatal,34.416703255417204,-96.81263034827106,Speeding
1105,2025-01-09,00:00,Icy,Clear,Night,Minor,37.4883326633036,-105.28988209550027,Weather
1106,2025-01-10,04:00,Dry,Clear,Daylight,Minor,38.98517893868765,-112.05948463793118,Distracted Driving
1107,2025-01-11,22:00,Dry,Clear,Daylight,Minor,40.72442685401011,-112.34573146562775,Speeding
1108,2025-01-12,00:00,Dry,Clear,Night,Minor,39.46115905834505,-93.94317387604187,Distracted Driving
1109,2025-01-13,03:00,Dry,Clear,Daylight,Severe,35.66688631259886,-99.0227061578452,Distracted Driving
1110,2025-01-14,21:00,Dry,Rainy,Daylight,Moderate,37.69416293117023,-102.71070994597275,Distracted Driving
1111,2025-01-15,01:00,Dry,Rainy,Night,Moderate,41.28277077046924,-106.77371539210193,Speeding
1112,2025-01-16,09:00,Wet,Clear,Daylight,Moderate,36.61392849981897,-105.93711305796047,Road Defects
1114,2025-01-18,09:00,Dry,Clear,Night,Minor,41.668522677149575,-105.26251594370041,Distracted Driving
1115,2025-01-19,00:00,Wet,Clear,Night,Minor,39.87766404458958,-95.72726250258171,Road Defects
1116,2025-01-20,21:00,Dry,Clear,Daylight,Minor,39.98192308513354,-107.13637855733097,Distracted Driving
1117,2025-01-21,05:00,Dry,Clear,Daylight,Minor,36.01867203530582,-107.25972492878878,Speeding
1119,2025-01-23,14:00,Icy,Clear,Night,Minor,34.65873730477377,-105.18061264837408,Distracted Driving
1121,2025-01-25,12:00,Dry,Rainy,Daylight,Minor,34.82984131633995,-102.03021601575469,Other
1122,2025-01-26,23:00,Wet,Clear,Daylight,Moderate,40.68727665764764,-103.81006531569521,Weather
1123,2025-01-27,19:00,Dry,Clear,Night,Minor,40.516430296159974,-94.47976203012803,Speeding
1124,2025-01-28,23:00,Dry,Clear,Daylight,Severe,38.268840808978474,-101.71014289407981,Speeding
1125,2025-01-29,14:00,Dry,Clear,Daylight,Minor,35.129328265576234,-108.94403405097798,Speeding
1126,2025-01-30,07:00,Dry,Clear,Daylight,Moderate,34.204631865561346,-103.54553173632641,Speeding
1127,2025-01-31,04:00,Dry,Rainy,Night,Severe,40.37366934034058,-98.40822203900228,Speeding
1129,2025-02-02,03:00,Wet,Clear,Daylight,Severe,39.687437093983064,-100.60992552282785,Distracted Driving
1130,2025-02-03,11:00,Icy,Clear,Daylight,Minor,36.43045700589094,-92.33446410461659,Speeding
1131,2025-02-04,12:00,Dry,Clear,Night,Minor,38.07586190275131,-109.62435172232516,Distracted Driving
1132,2025-02-05,01:00,Wet,Clear,Daylight,Minor,39.9773933643172,-100.45449734346046,Other
1133,2025-02-06,18:00,Icy,Clear,Daylight,Minor,37.7005064665104,-95.00277539019318,Distracted Driving
1134,2025-02-07,18:00,Dry,Foggy,Daylight,Minor,38.81107378214985,-103.66942087171853,Weather
1135,2025-02-08,03:00,Dry,Clear,Night,Severe,40.3178260944637,-97.89657304742923,Weather
1136,2025-02-09,03:00,Wet,Clear,Daylight,Moderate,35.72176516213103,-109.29171052230072,Speeding
1137,2025-02-10,10:00,Dry,Clear,Night,Moderate,34.52743111485986,-109.43036331809594,Speeding
1138,2025-02-11,04:00,Wet,Clear,Night,Severe,38.25458808648644,-99.3076473896403,Speeding
1139,2025-02-12,19:00,Dry,Clear,Daylight,Moderate,34.497006165760766,-98.24855152874245,Speeding
1140,2025-02-13,10:00,Snowy,Foggy,Daylight,Moderate,40.13245835493402,-91.76372841365998,Distracted Driving
1141,2025-02-14,09:00,Dry,Clear,Daylight,Moderate,39.753691581070306,-111.70451990789671,Other
1142,2025-02-15,07:00,Dry,Clear,Daylight,Minor,41.053701371722376,-104.88990730953687,Other
1143,2025-02-16,05:00,Wet,Clear,Daylight,Minor,39.11649678427168,-110.98562275141104,Speeding
1145,2025-02-18,07:00,Dry,Clear,Night,Severe,36.025217003916936,-106.70954521747035,Speeding
1146,2025-02-19,22:00,Dry,Clear,Daylight,Severe,40.463454756501754,-107.5257390759303,Road Defects
1147,2025-02-20,14:00,Dry,Clear,Night,Minor,35.3370593385087,-110.42784464049873,Speeding
1148,2025-02-21,13:00,Dry,Clear,Daylight,Severe,39.5878437425191,-109.68414304809633,Speeding
1149,2025-02-22,10:00,Snowy,Rainy,Daylight,Minor,40.24207464736382,-107.90846942216422,Speeding
1150,2025-02-23,11:00,Dry,Clear,Night,Minor,36.64089438284193,-90.31254628215738,Road Defects
1151,2025-02-24,12:00,Wet,Clear,Daylight,Minor,36.57837978722327,-96.07718255291616,Speeding
1153,2025-02-26,17:00,Icy,Clear,Daylight,Minor,40.89029066203811,-93.57243105837235,Other
1154,2025-02-27,00:00,Dry,Clear,Daylight,Minor,35.79124961530785,-100.2675068608372,Other
1155,2025-02-28,14:00,Icy,Clear,Night,Minor,41.530065568339225,-93.06337471658654,Speeding
1156,2025-03-01,07:00,Dry,Clear,Daylight,Minor,38.792949478560864,-108.4321287603536,Weather
1157,2025-03-02,10:00,Wet,Clear,Daylight,Moderate,41.93701177081821,-104.99347178527188,Speeding