Accident ID,Date,Time,Road Condition,Weather,Light Condition,Severity,Latitude,Longitude,Contributing Factors
966,2024-08-23,02:00,Wet,Clear,Night,Minor,38.907563780543924,-115.09909165205255,Distracted Driving
967,2024-08-24,18:00,Dry,Clear,Daylight,Minor,36.830422645151806,-114.39956923792434,Weather
968,2024-08-25,07:00,Icy,Clear,Daylight,Minor,36.668919127821454,-115.44039745044864,Distracted Driving
980,2024-09-06,16:00,Dry,Clear,Night,Severe,41.800551380789734,-116.1221057568719,Distracted Driving
982,2024-09-08,05:00,Wet,Clear,Daylight,Moderate,35.81719797417062,-114.63746021599657,Weather
983,2024-09-09,18:00,Icy,Clear,Daylight,Severe,34.06425491100498,-117.8414359852777,Distracted Driving
984,2024-09-10,01:00,Dry,Foggy,Daylight,Minor,37.93665364310732,-116.55006356959412,Road Defects
999,2024-09-25,16:00,Dry,Rainy,Daylight,Moderate,37.06464225066548,-115.82094299015935,Other
1015,2024-10-11,09:00,Dry,Clear,Daylight,Minor,34.3969970219482,-117.58773102788271,Speeding
1017,2024-10-13,22:00,Dry,Clear,Daylight,Moderate,39.26529981221067,-115.43701671048144,Distracted Driving
1021,2024-10-17,12:00,Dry,Clear,Daylight,Moderate,40.601719566014744,-117.55831708639951,Other
1027,2024-10-23,08:00,Dry,Clear,Night,Fatal,40.47474262990962,-114.64122618305062,Distracted Driving
1029,2024-10-25,08:00,Dry,Clear,Daylight,Minor,41.59181875295677,-114.40590283893447,Weather
1033,2024-10-29,05:00,Dry,Foggy,Daylight,Minor,37.386613816180216,-117.89594919238445,Other
1044,2024-11-09,08:00,Dry,Clear,Daylight,Minor,35.41405493938768,-114.62880093292394,Distracted Driving
1045,2024-11-10,01:00,Dry,Clear,Night,Moderate,40.919951784236275,-114.56188274668175,Distracted Driving
1051,2024-11-16,21:00,Dry,Clear,Night,Severe,38.43072233782989,-117.96319026394247,Distracted Driving
1067,2024-12-02,07:00,Dry,Clear,Daylight,Minor,41.99491945754143,-116.23553019148962,Distracted Driving
1069,2024-12-04,06:00,Wet,Rainy,Daylight,Minor,41.919844919913444,-117.56290257678359,Distracted Driving
1076,2024-12-11,14:00,Dry,Snowy,Night,Moderate,41.4484722470976,-114.37733393010885,Road Defects
1083,2024-12-18,13:00,Dry,Clear,Daylight,Minor,41.56029972290884,-116.80931026146541,Other
1092,2024-12-27,02:00,Dry,Rainy,Night,Minor,35.158822618145955,-115.5964162266237,Distracted Driving
1113,2025-01-17,04:00,Dry,Foggy,Daylight,Moderate,37.989842920735455,-116.39181456254157,Speeding
1118,2025-01-22,12:00,Snowy,Clear,Daylight,Minor,37.31758494644102,-117.55993567545994,Speeding
1120,2025-01-24,03:00,Dry,Clear,Daylight,Minor,38.85220693640427,-117.29054571745692,Other
1128,2025-02-01,14:00,Dry,Clear,Daylight,Severe,38.80112386570742,-115.36901372850929,Speeding
1144,2025-02-17,05:00,Dry,Clear,Daylight,Fatal,34.53758056601899,-115.75741949535313,Other
1152,2025-02-25,07:00,Wet,Clear,Night,Minor,38.46242144967317,-116.0007663695666,Speeding
1174,2025-03-19,08:00,Icy,Clear,Night,Moderate,38.73698589080815,-116.61441962049162,Speeding
1184,2025-03-29,21:00,Dry,Clear,Night,Minor,35.690109858470144,-117.4502964011457,Speeding
1188,2025-04-02,22:00,Dry,Clear,Daylight,Minor,35.018340264760624,-114.78869910129876,Distracted Driving
1204,2025-04-18,05:00,Dry,Clear,Daylight,Minor,36.48032334985132,-114.3358212735854,Distracted Driving
1212,2025-04-26,18:00,Dry,Foggy,Daylight,Minor,39.222506934513945,-115.23693431045143,Speeding
1214,2025-04-28,23:00,Dry,Rainy,Night,Minor,36.297054697497146,-115.31849918641045,Speeding
1216,2025-04-30,19:00,Dry,Clear,Daylight,Minor,37.03077971880444,-115.60692955835053,Speeding
1220,2025-05-04,00:00,Wet,Clear,Daylight,Severe,37.817280371292654,-115.98709527119962,Road Defects
1228,2025-05-12,16:00,Dry,Clear,Daylight,Moderate,39.11693699681885,-115.48817735969033,Road Defects
1239,2025-05-23,12:00,Dry,Rainy,Daylight,Severe,36.601769530997075,-114.45642239616133,Speeding
1247,2025-05-31,07:00,Dry,Foggy,Daylight,Minor,36.051244744066274,-115.18614674128689,Distracted Driving
1260,2025-06-13,18:00,Icy,Rainy,Night,Severe,37.17529539189356,-115.29585574024141,Speeding
1261,2025-06-14,03:00,Wet,Clear,Daylight,Moderate,36.4269595645761,-116.88038839366045,Speeding
1264,2025-06-17,22:00,Dry,Clear,Night,Minor,37.9098501518183,-115.79222714402249,Distracted Driving
1269,2025-06-22,18:00,Dry,Clear,Night,Fatal,39.45994426989719,-115.32183921243181,Speeding
1279,2025-07-02,22:00,Snowy,Snowy,Daylight,Moderate,38.2283188828503,-116.54294054455231,Road Defects
1282,2025-07-05,22:00,Dry,Clear,Night,Severe,37.762307813625405,-115.6127697101679,Distracted Driving
1286,2025-07-09,04:00,Wet,Rainy,Daylight,Moderate,36.898363460716546,-116.05339687291053,Other
1287,2025-07-10,02:00,Wet,Snowy,Daylight,Fatal,36.54883497026123,-116.66487196100663,Speeding
1288,2025-07-11,18:00,Dry,Clear,Daylight,Minor,41.15799376780639,-116.28855949087853,Speeding
1301,2025-07-24,19:00,Dry,Foggy,Daylight,Minor,39.2119132282369,-114.99003816093598,Speeding
1316,2025-08-08,15:00,Dry,Clear,Night,Fatal,34.11895179476416,-114.41445612208734,Speeding
1330,2025-08-22,22:00,Dry,Clear,Daylight,Minor,41.02813767251212,-114.68475564403792,Distracted Driving
1332,2025-08-24,19:00,Wet,Clear,Daylight,Minor,34.25968113409821,-114.08726153219808,Speeding
1336,2025-08-28,08:00,Dry,Clear,Daylight,Minor,34.17893227595543,-114.95614857041177,Distracted Driving
1338,2025-08-30,20:00,Dry,Rainy,Daylight,Moderate,36.10940366876391,-116.72026491011955,Speeding
1343,2025-09-04,11:00,Dry,Rainy,Daylight,Moderate,39.822673300634975,-116.60048397782855,Speeding
1349,2025-09-10,22:00,Dry,Foggy,Daylight,Moderate,41.18306702211586,-115.41220918731099,Distracted Driving
1352,2025-09-13,18:00,Dry,Clear,Night,Minor,41.60144568654433,-116.42141064386453,Speeding
1354,2025-09-15,13:00,Wet,Clear,Daylight,Severe,36.92617215170418,-115.6654282388384,Weather
1358,2025-09-19,12:00,Dry,Clear,Night,Moderate,41.97479110287536,-117.41924240142637,Speeding
1359,2025-09-20,06:00,Dry,Rainy,Daylight,Severe,36.14275936447131,-117.11573165990022,Distracted Driving
1362,2025-09-23,21:00,Wet,Clear,Daylight,Moderate,39.850831774219024,-114.61646736264915,Speeding
1374,2025-10-05,09:00,Dry,Rainy,Daylight,Minor,37.93662549228517,-115.66278555284066,Speeding
1375,2025-10-06,03:00,Wet,Rainy,Daylight,Minor,37.151554117524675,-117.84222672387999,Distracted Driving
1376,2025-10-07,08:00,Dry,Clear,Night,Minor,38.890539096424654,-117.16560661557168,Speeding
1382,2025-10-13,11:00,Dry,Clear,Daylight,Moderate,40.65510451005384,-115.34641503542345,Other
1384,2025-10-15,20:00,Dry,Clear,Night,Severe,38.12397980781592,-117.45581565489555,Road Defects
1385,2025-10-16,09:00,Icy,Clear,Night,Moderate,36.091943229820956,-114.9002407134177,Distracted Driving
1416,2025-11-16,02:00,Wet,Clear,Daylight,Severe,36.496955722713636,-114.62075545546476,Other
1418,2025-11-18,01:00,Snowy,Clear,Daylight,Minor,36.540365261242705,-117.9966779424962,Speeding
1419,2025-11-19,22:00,Dry,Clear,Daylight,Minor,36.885981960441676,-117.48705840710078,Speeding
1443,2025-12-13,07:00,Icy,Clear,Night,Moderate,36.40761821129271,-114.9539749512323,Speeding
1447,2025-12-17,07:00,Dry,Clear,Daylight,Minor,36.851059443830195,-115.18360161529453,Speeding
1465,2026-01-04,09:00,Dry,Rainy,Daylight,Moderate,41.7539248602952,-115.18876798548317,Other
1467,2026-01-06,16:00,Dry,Clear,Daylight,Moderate,34.478997013771085,-115.81461320480302,Distracted Driving
1488,2026-01-27,09:00,Icy,Clear,Daylight,Minor,34.83578388652749,-114.45356295428867,Speeding
1493,2026-02-01,20:00,Dry,Clear,Night,Moderate,38.08633624399107,-114.7163904524905,Distracted Driving
1499,2026-02-07,06:00,Wet,Clear,Daylight,Severe,37.45957887684171,-114.08833200782674,Speeding
1506,2026-02-14,17:00,Icy,Clear,Daylight,Moderate,39.8156309498648,-116.26977329927942,Distracted Driving
1520,2026-02-28,02:00,Dry,Clear,Daylight,Minor,38.74390791026008,-115.98718856013829,Distracted Driving
1522,2026-03-02,10:00,Dry,Clear,Daylight,Minor,39.158708768161574,-115.75418418121568,Road Defects
1524,2026-03-04,22:00,Wet,Clear,Daylight,Minor,39.85286355494819,-114.05665670378926,Speeding
1525,2026-03-05,22:00,Dry,Clear,Daylight,Minor,36.055182448356504,-115.20318309606701,Speeding
1562,2026-04-11,19:00,Dry,Clear,Daylight,Moderate,41.38567068697752,-117.66805179011317,Speeding
1563,2026-04-12,04:00,Dry,Rainy,Daylight,Severe,40.44009039265379,-114.49157490062895,Speeding
1569,2026-04-18,23:00,Wet,Rainy,Daylight,Minor,37.366747107093346,-115.93162829859091,Other
1573,2026-04-22,04:00,Dry,Clear,Daylight,Moderate,40.86647552405638,-116.18213855656445,Distracted Driving
1580,2026-04-29,14:00,Dry,Rainy,Daylight,Minor,41.59336404086104,-114.90645303815148,Road Defects
1586,2026-05-05,04:00,Dry,Clear,Daylight,Minor,36.08444772789159,-117.12299001377953,Speeding
1587,2026-05-06,10:00,Dry,Clear,Night,Minor,38.37533034225777,-114.67250423696913,Distracted Driving
1590,2026-05-09,23:00,Dry,Clear,Night,Severe,41.56664936892696,-114.62419411698399,Road Defects
1591,2026-05-10,13:00,Dry,Clear,Daylight,Minor,41.405925059531356,-114.641674851989,Speeding
1597,2026-05-16,19:00,Dry,Clear,Night,Moderate,39.95336797746255,-116.60559207895746,Distracted Driving
1600,2026-05-19,19:00,Dry,Clear,Daylight,Moderate,37.03079689537751,-114.18176169216524,Speeding
1606,2026-05-25,09:00,Dry,Clear,Daylight,Moderate,37.11509483734154,-114.81913365472857,Road Defects
1608,2026-05-27,01:00,Dry,Clear,Daylight,Minor,35.27006332089667,-114.38546147160743,Weather
1613,2026-06-01,05:00,Wet,Clear,Daylight,Moderate,36.535709229584015,-116.53110619846417,Speeding
1617,2026-06-05,14:00,Dry,Clear,Night,Moderate,38.48895793430195,-116.17244021139084,Distracted Driving
1620,2026-06-08,08:00,Dry,Rainy,Daylight,Minor,39.519109857907225,-115.85317330488787,Road Defects
1623,2026-06-11,16:00,Dry,Clear,Night,Moderate,38.57091175735326,-114.69164460155528,Road Defects
1628,2026-06-16,16:00,Snowy,Foggy,Daylight,Moderate,35.39956810952824,-114.87532899463365,Speeding
1632,2026-06-20,05:00,Wet,Clear,Daylight,Moderate,40.0235431014691,-117.051486996611,Speeding
1649,2026-07-07,09:00,Dry,Clear,Night,Severe,37.730423919855184,-116.98772550484391,Speeding
1664,2026-07-22,04:00,Wet,Clear,Daylight,Minor,39.65455556008115,-114.84847379376556,Speeding
1689,2026-08-16,08:00,Dry,Clear,Daylight,Fatal,35.05714702535889,-114.07096230101934,Weather
1702,2026-08-29,22:00,Wet,Clear,Daylight,Minor,34.65489204733035,-115.54701233138698,Distracted Driving
1709,2026-09-05,03:00,Dry,Clear,Daylight,Moderate,37.54972215296192,-115.18440527755462,Speeding
1722,2026-09-18,01:00,Wet,Clear,Daylight,Severe,40.15549329280877,-115.22745615893557,Speeding
1730,2026-09-26,09:00,Wet,Clear,Daylight,Minor,38.29303123441443,-114.41550415803336,Speeding
1734,2026-09-30,04:00,Wet,Clear,Daylight,Moderate,34.477687239011125,-116.54150273705679,Road Defects
1742,2026-10-08,11:00,Dry,Clear,Daylight,Moderate,39.072616489668526,-117.49041141977052,Speeding
1745,2026-10-11,09:00,Dry,Rainy,Night,Minor,38.15554414043546,-117.1021933984432,Distracted Driving
1746,2026-10-12,21:00,Wet,Clear,Daylight,Moderate,37.734487248032465,-116.72373236181089,Speeding
1748,2026-10-14,21:00,Dry,Clear,Daylight,Minor,41.62461271486417,-115.54245221450512,Distracted Driving
1768,2026-11-03,01:00,Dry,Foggy,Daylight,Moderate,41.59180531971921,-117.2391269837702,Other
1789,2026-11-24,11:00,Dry,Clear,Night,Moderate,35.916759063723134,-115.67830942004176,Weather
1790,2026-11-25,23:00,Dry,Clear,Daylight,Minor,38.97107686459063,-115.13917495500374,Distracted Driving
1803,2026-12-08,01:00,Dry,Snowy,Night,Minor,34.5191937378538,-116.3619654795102,Road Defects
1821,2026-12-26,06:00,Dry,Clear,Daylight,Fatal,35.90091360155714,-116.12096307726216,Speeding
1830,2027-01-04,13:00,Dry,Clear,Night,Minor,35.50937832982426,-115.7315830007246,Weather
1837,2027-01-11,05:00,Dry,Foggy,Night,Minor,40.55584577360497,-115.21265492175131,Speeding
1845,2027-01-19,07:00,Dry,Rainy,Night,Minor,41.98369652876549,-115.606318154156,Speeding
1849,2027-01-23,07:00,Dry,Clear,Night,Moderate,40.67889534453116,-115.79615032000817,Speeding
1857,2027-01-31,12:00,Dry,Clear,Daylight,Minor,34.81547044306087,-114.6799438748534,Distracted Driving
1859,2027-02-02,05:00,Dry,Clear,Night,Severe,39.57237651428563,-117.83537205841138,Distracted Driving
1877,2027-02-20,07:00,Icy,Clear,Daylight,Severe,38.706462155044726,-117.72081279641456,Weather
1883,2027-02-26,08:00,Dry,Clear,Daylight,Minor,36.78456296688912,-114.60841524406291,Other
1892,2027-03-07,06:00,Dry,Clear,Night,Minor,36.92797126631949,-116.6868492535353,Speeding
1894,2027-03-09,17:00,Wet,Rainy,Night,Minor,37.19865967480164,-114.39520826027105,Distracted Driving
1895,2027-03-10,14:00,Wet,Rainy,Night,Minor,34.27235604960212,-117.03669842399975,Speeding
1908,2027-03-23,06:00,Wet,Rainy,Daylight,Minor,39.3148316212751,-114.1461080548418,Other
1922,2027-04-06,05:00,Wet,Rainy,Night,Moderate,38.921012660402496,-117.38039711619571,Distracted Driving
1929,2027-04-13,17:00,Wet,Clear,Daylight,Minor,40.82516253246873,-116.25209485688963,Road Defects
1944,2027-04-28,20:00,Dry,Foggy,Daylight,Minor,37.787479225869546,-117.43903724583798,Speeding
1945,2027-04-29,22:00,Dry,Rainy,Daylight,Minor,40.41961396385195,-114.0525785642768,Speeding
1948,2027-05-02,17:00,Icy,Clear,Daylight,Moderate,34.468501684163826,-114.77106706933945,Distracted Driving
1950,2027-05-04,17:00,Wet,Clear,Daylight,Moderate,40.706352936006105,-115.23067549696258,Speeding
1952,2027-05-06,21:00,Dry,Rainy,Daylight,Moderate,39.314678755698225,-114.46875001915026,Speeding
1968,2027-05-22,19:00,Wet,Rainy,Daylight,Moderate,41.38951472817496,-116.91736426826749,Other
1977,2027-05-31,08:00,Dry,Clear,Night,Severe,38.080155037824255,-116.45042404058732,Speeding
1989,2027-06-12,18:00,Wet,Clear,Night,Minor,39.22908418174183,-115.13278275303882,Distracted Driving
1990,2027-06-13,18:00,Dry,Rainy,Daylight,Moderate,34.150978036724844,-114.31729373120012,Other
1999,2027-06-22,00:00,Wet,Clear,Daylight,Minor,40.01977612042991,-117.09945070064259,Other